No,Template Name,Category,Keywords,Layout Spec,Typography,Color Palette,Best For,ReportLab Notes,Source Image
1,Amber Band Construction Profile,Brochure,"company profile, construction, amber yellow, black corporate, oversized numerals, contractor brochure","Cover: full-bleed photo band with yellow divider strip and black title block; inner spreads 2-col with oversized background numerals (2,3) marking sections; vision/mission in bulleted 2-col table","Bold condensed sans caps headline, yellow accent subheads, justified sans/serif body paragraphs","Charcoal black #1A1A1A, construction amber #F2A93B, white #FFFFFF, warm gray #3A3A3A",construction/contracting company profile brochures,canvas.rect for black footer and yellow divider bands; full-bleed Image flowable in a fixed-size Frame; oversized numeral watermark via canvas.drawString at huge font size with reduced opacity; Table/TableStyle for vision-mission columns.,0ede5c34697b39a090a14c8db055b9fb.jpg
2,Blue Duotone Company Profile Brochure,Brochure,"company profile, corporate blue, duotone photography, TOC numerals, donut chart, generic industry","Cover with layered photo/brochure mockup + 'Company Profile' wordmark on a blue card; interior consistent bi-fold spreads: numbered TOC list, 'Our Company' 2-col with bar chart, full-bleed blue duotone photo spread, 3-icon services row, globe/network 'Our Create Work' spread, closing donut-chart client-feedback page","Bold sans section headers in blue, thin sans body text, small numbered TOC list with blue circle numerals","Corporate blue #1F5C99, cream/off-white #F4F1EA, charcoal #2B2B2B",generic corporate company-profile brochures across industries,Duotone blue photo effect via a semi-transparent blue rect over a grayscale Image (canvas alpha); bar chart via reportlab.graphics.charts.barcharts; donut chart via Pie with innerRadiusFraction; icon row via 3-col Table; globe/network graphic as vector Drawing or embedded image.,e574abe874e0c7e9c32ecacd055a5b52.jpg
3,Country-Silhouette Travel Poster,Brochure,"tourism poster, deckled edge, photo-collage silhouette, gold seal badge, serif logotype","Vertical poster on a parchment field with a torn/deckled border; a portrait plus photo tiles (ruins, wildlife, city, dunes) are clipped into a country-map silhouette; a gold circular seal sits lower-right; centered eyebrow line, large serif country wordmark, and tracked tagline anchor the bottom.",Small-caps tracked geometric sans eyebrow line; large elegant Didone-style serif logotype for the destination name; thin tracked sans tagline.,"#F3ECDD cream/parchment bg, #1B1B24 charcoal text, #D4AF37 gold seal, warm sand/teal photo tones","Tourism board posters, destination brochures, single-sheet travel campaign pieces.","Full-bleed canvas.drawImage for the textured cream background; clip the photo montage into a custom country-shape Path via canvas.clipPath before drawing each image tile; render the gold seal as a vector Circle plus centered Paragraph; set the serif wordmark via Paragraph with a registered Didone TTF, centered in a bottom Frame.",72e5e46cb3981a203f81de45c8b3068c.jpg
4,Green Corporate Brochure Spread Set,Brochure,"company profile, green corporate, bifold quad-fold mockup, numbered icon circles, service brochure","Series of open-brochure flat-lay mockups; each spread splits 50/50 into full-bleed photo panel and cream text panel with rounded green header pill, numbered 01-04 circular icon badges, dashed rule bottom-left corner marker",Bold uppercase sans headline pill labels ~18-24pt; thin sans body ~8pt; numbered circular badge digits centered bold,"Sage green #7FA37E (cover bg), forest green #2F5233 (accent blocks/pills), cream #F2F0E9 (page bg), dark green #1F3A24 (text)","Company profile PDFs, sustainability/service brochures, corporate capability decks","Two-column Table (50/50 colWidths) per spread; rounded header pill via canvas.roundRect fill; numbered badges via canvas.circle + centered Helvetica Neue Bold text; dashed corner rule via HRFlowable(dash=[2,2])",097f2f2d1340f79bfa7efff9de699c11.jpg
5,Haflah Emerald Invitation Trifold,Brochure,"wedding invitation, Islamic, Indonesian, teal gold, trifold, calligraphy, mockup","Bifold/gatefold invitation (~A5) shown at an angle: front panel is a teal-to-white diagonal gradient split with a centered gold emblem, back panel is white with a teal date badge and gold Arabic calligraphy centerpiece plus a QR/social-icon sidebar.",Large bold sans display numerals (event date '20/25 14/46') in white on the teal badge; elegant gold Arabic script logotype for the event name; small-caps sans body for host names and RSVP details.,"#0F5F52 teal (primary), #C9A227 gold (foil accent), #FFFFFF white (ground), #1A1A1A near-black (fine print)","Wedding/religious ceremony invitations, save-the-dates, formal Islamic event stationery.","Build as an A5 landscape-fold Canvas page split into two vertical Frames; draw the diagonal teal-to-white gradient with manual banded rect fills (ReportLab has no native linear gradient), overlay the gold emblem as a PNG and set date numerals in Helvetica-Neue-Bold inside a rounded rect via canvas.roundRect; the calligraphy must be an embedded vector/PNG asset since ReportLab cannot shape Arabic script.",1149b55aa70018df56ba9aa878f6db7e.jpg
6,Monochrome Services Capability Brochure,Brochure,"grayscale, corporate capabilities, icon list, team bios, stats, agency brochure","A4 portrait two-page spreads: left page is a full-bleed dark photo panel with a bold headline block, right page runs a numbered icon-list (icon + heading + 2-line body) beneath a page-tab label; stat pages use paired icon-box grids with oversized numerals.","Heavy grotesque sans headlines (36-44pt, all-caps, tight tracking) over a thin rule; 9-10pt sans body copy; small tracked-out caps section labels like '// 02'.","#2B2B2B charcoal, #6E6E6E mid-gray, #C9C9C9 light gray, #FFFFFF white — flat monochrome system with no color accent","Corporate capability decks, agency/design-studio service brochures, credentials booklets.","Two-Frame Platypus page template (photo Frame + text Frame) per spread; full-bleed Image flowable via canvas.drawImage sized to page bounds, HRFlowable(color=charcoal, thickness=1) under headings, icon+text rows built as a borderless Table with a fixed icon-cell width and TableStyle VALIGN='TOP'.",3a05f3f7efc8b772a4297716026642f5.jpg
7,Navy Blockprint Corporate Brochure,Brochure,"bi-fold brochure, navy color block, mission vision spread, world map stat panel","Bi-fold spreads with angled or rectangular navy color-block panels covering 40-60% of each page on a cream ground, carrying bold white headline text, numbered vision/mission points, icon-label rows, and a world-map stat panel with percentage callouts.","Bold condensed white caps headline reversed out of the navy block, cream circular numeral badges, small sans body placeholder text, icon+label pairs.","#1F2A5E navy blue, #2B3A8C secondary navy, #F2EEDD cream/ivory background, #FFFFFF white text","Corporate capability brochures, company overview leave-behinds, service line-ups","Angled navy block drawn as a canvas Path polygon fill per PageTemplate before content, or use a precomposed background PNG; numbered vision points as a bordered Table of icon+number+text triplets; world map as a vector Drawing (traced SVG path) or embedded Image; mirror left/right Frames across the spread PageTemplate.",8ac1f6ac9b64a01a856b29c34edf24dd.jpg
8,Navy Wave Shipping Digital Brochure,Brochure,"shipping brochure, tablet mockup, navy orange wave, logistics, global services","Cover on tablet mockup: full-bleed navy container-ship photo with orange wave-line overlay, bottom-left logo lockup; inner pages 2-col image+stat blocks, 3-col icon service list, world-map infographic spread","Large modern sans display title, thin tracked eyebrow subhead, sans body with bold orange stat numerals","Deep navy #0B2A4A, teal-blue #1B4E73, burnt orange accent #D9622B, white #FFFFFF, light gray #F2F2F0","logistics, shipping, and global-services digital brochures","Full-bleed cover Image with wave lines drawn via canvas.bezier/Path (orange stroke, varying opacity); stat blocks as 2-col Table with large bold numeral Paragraph over caption; 3-col icon row Table; map via embedded vector Image or reportlab.graphics world outline.",4919016c6033b9cb848602a55a0188a1.jpg
9,Noir UGC Creator Media Kit,Brochure,"UGC portfolio, media kit, creator brand, black and cream, pricing table, video thumbnail grid","11-page vertical portfolio: cover with circular logo badge + oversized photo; 'Who am I/What is UGC' 2-col intro with overlapping circular photo cutout; oversized stat numerals (93%, 70/73/84%) beside bullet lists; pricing cards; 4-across 'My Work' video thumbnail grid with play-button icons","Elegant serif display headings, small tracked sans caption labels, huge bold sans stat numerals, sans body paragraphs","Near-black #0E0E0E, warm off-white #F4F0EB, muted taupe #B7ADA0, white text on black","creator/influencer media kits, UGC portfolios, personal-brand proposals",Circular photo crop via clipping Path; stat numeral as large ParagraphStyle (48-60pt) beside ListFlowable bullets; pricing cards as Table with black cell BACKGROUND and white text; thumbnail grid via 4-col Table of Image flowables with small circular play-icon Drawing overlay.,86fa4032d626cbe97879333592a17c2a.jpg
10,Steel Blue Trifold Corporate Brochure,Brochure,"trifold brochure, corporate leaflet, service overview, blue and white panels, agency brochure","Trifold (3-panel) mockups shown open/closed/hand-held; one full-photo panel, one solid-blue panel with reversed bold headline + underline rule + small logo box, one white panel with body copy and bordered CTA label",Bold condensed display statements; small sans body paragraphs; tiny bordered uppercase CTA label,"Steel blue #2E5D8A to #1B4066, white, light grey #E7E9EC","Corporate/agency trifold brochure, service overview leaflet",3-panel layout via one landscape page split into 3 equal Frames (or 3 separate portrait pages for print-fold); solid-color panel via full Frame background rect; bordered CTA label via canvas.rect stroke + Paragraph,92e24310cb9de0f7e75857e0372c6185.jpg
11,Teal Arabesque Seminar Bifold,Brochure,"conference program, bifold invitation, Islamic pattern motif, seminar flyer, event bifold","Bifold mockup at angle; front panel white with arabesque swirl motif filling right edge, vertically stacked title hierarchy left, circular date badge; back panel solid teal with white moderator/panelist text blocks and rounded search/QR bar","Mixed-weight serif/script display title (light + bold italic red accent word), sans body for schedule/contact, small caps section labels","Teal #1D6E6E, white/light grey #F4F4F4, navy #1B2A4A, coral red accent #C0392B","Academic or religious seminar programs, conference invites, event bifold brochures",Two separate PageTemplates for front/back panel; arabesque pattern as tiled PNG via canvas.drawImage (too complex for vector paths); solid teal bg via canvas.rect fill; date badge via canvas.circle with two-tone centered text,1b9983cc8ce285a4084641f0a3f2745c.jpg
12,Warm Mustard Spa Trifold Brochure,Brochure,"spa brochure, wellness trifold, mustard yellow, bifold mockup, treatment menu","Landscape bifold spreads: color-block sidebar with vertical service list, opposing panel with large photo or 2x2 photo grid; cover panel with bold headline over color block.","Bold condensed sans headline (mixed case), small caps sidebar labels, plain sans body.","Mustard/Amber #E8A33D, White #FFFFFF, Charcoal #2B2B2B, Sage Green #7A9B6E","Spa, wellness, or beauty-service tri-fold/bifold brochures",Landscape page split into unequal Frames (sidebar + photo panel); colored sidebar rect background; zero-padding 2x2 Table for photo grid; flat panel design (no fold shadow) since ReportLab renders flat pages.,4bfa30e7139e7f3044faea854e677a0f.jpg
13,Wave-Split Trifold Product Brochure,Brochure,"trifold brochure, essential oil wellness product, purple wave divider, TCM herbal ingredient list","Standard 3-panel trifold (front/back cover plus two inner spreads) where a diagonal wave curve splits each panel between a white photo/content zone and a solid purple brand zone, with a centered logo lockup in the wave and a bottom icon row (non-GMO, lab tested, natural).","Rounded script-like logo wordmark, bold sans product headline 20-24pt, tracked uppercase subheads 11pt, small body copy 7-8pt with numbered ingredient lists.","#6E4C9E deep purple (brand block), #B79FD1 lavender (secondary accent), #FFFFFF white (content background), photo-neutral tones (imagery)","product brochures, wellness/beauty trifolds, retail one-sheets with ingredient lists","Three equal-width Frames per landscape page for the trifold panels; purple wave divider drawn per panel with canvas.bezier/Path then clipped; icon row as a 4-cell Table with small vector icons and caption Paragraphs; ingredient list via bulleted Paragraph style with bold sub-headers; Helvetica Neue Bold headlines, Helvetica Neue body, purple RGB(110,76,158) for icon captions.",c50f19b43dd248d3d538978b8c265f45.jpg
14,E-commerce Product Benefits Infographic,Catalog,"Amazon listing infographic, product benefits, collagen supplement, feature checklist, ingredient icons","Long vertical stack of full-width colored sections, product photography alternating left/right, checkmark feature lists, circular ingredient-icon row near bottom.","Bold condensed all-caps section headers, checkmark bullet list, small caption labels under icons.","Raspberry Red #C81E3A, Blush Pink #F7C9CE, White #FFFFFF, Dark Maroon #7A0C1E","E-commerce product listing sell-sheets, supplement/consumer-goods infographics",Repeating full-width colored band sections via canvas.rect per section; Table with Unicode checkmark bullets for feature lists; circular icon row as a Table of Image cells with caption Paragraph beneath.,6fc29f14a3ec33327d8f5a5c1ba51d80.jpg
15,Pinwheel Catalog Cover,Catalog,"product catalog cover, folded booklet mockup, pie-wheel photo collage, electronics brochure","Bi-fold booklet mockup: front cover has a circular pinwheel of 8 wedge-cropped product photos radiating from a center logo badge on a white ground with a blue gradient sweep at the base; back cover is a solid diagonal blue gradient with left-aligned white headline and bullet taglines, footer contact band with icons on both covers.","Bold rounded sans logo wordmark 'SkyView' large on both covers, thin small-caps tagline bullets, small footer sans for address/phone/email.","#1B1464 deep blue gradient base, #2E1A8C mid blue, #FFFFFF background, #E6007E magenta accent wedge, #00AEEF cyan accent wedge","Product/electronics catalog covers, dealer brochures, packaging-line lookbooks",Full-bleed cover as a pre-rendered gradient PNG Image (ReportLab has no native gradient fill) with a Drawing of Wedge shapes clipped to a circle for the pinwheel photo mask; back cover built from a canvas rect fill plus a left Frame of Paragraphs; footer built as a borderless Table with icon+text cells and a thin HRFlowable divider above it.,293f5c507a30b3f033b854026fd7933c.jpg
16,Starbucks Forest Catalog,Catalog,"coffee catalog, brand lookbook, product photography, forest green","A4 landscape spread catalog: cover has a centered logo plate on a deep green block, a contents spread uses a vertical rule with a numbered section list, and product spreads alternate full-bleed lifestyle photo pages, cropped image/text pages, and a 2x3 product-icon grid page.",Tall condensed serif/slab display wordmark for section titles; uppercase tracked-out sans labels for navigation/footer; small sans body copy in white-on-green or black-on-white.,"#0D3B2E deep forest green (brand primary), #C9A66B tan/caramel (accent), #F2EFE9 cream page ground, #FFFFFF white, #1A1A1A black text","Product/brand lookbook catalogs, cafe or CPG brand PDF catalogs, retail line sheets.",Landscape Platypus template alternating full-bleed Image-frame pages with 2-column text/image pages; the product grid page is a 3x2 Table with fixed-size Image cells and caption sub-rows nested beneath; footer page-number and brand tag are drawn in an onPage() canvas callback for consistency.,4b55de88b2093c017500b18acf1743dc.jpg
17,Faceted Triangle Annual Report Cover,Cover Design,"annual report cover template, geometric triangles, red orange facets, image placeholder, corporate mosaic","Portrait cover: top-left logo lockup, bold title block, diagonal faceted-triangle mosaic bottom-right containing photo, footer icon+text contact row.","Bold red sans headline, thin gray body paragraph, small footer icon+text row.","Crimson #C81E2C, Orange #F5A623, Dark Red #8B1220, White #FFFFFF","Generic corporate annual/financial report covers, stock template for any industry","Triangle mosaic via multiple Polygon shapes, photo clipped into subset facets using a PIL-generated mask before placement; footer icon row as 4-column Table; logo Drawing placeholder top-left.",a13aea40c109050ac5808ff93d5d68d9.jpg
18,Geometric Numeral Poster,Cover Design,"exhibition poster, geometric type, die-cut numerals, architecture awards, event cover","Single-column portrait poster dominated by oversized die-cut numerals '2023' built from quarter-circle and rectangle shapes filling the upper two-thirds, with vertical date text along the right edge, logo plus bold event title bottom-left, and a two-column credits/description block at the bottom.","Ultra-bold geometric display numerals rendered as graphic shapes rather than font glyphs, bold condensed sans event title 'nuevas voces', small bold sans two-column body for names and description.","#14283C dark navy, #2E8C9C teal, #6FBE44 kelly green fill, #7AC142 green outline circle, #E9E9E7 off-white background","Exhibition/awards posters, event covers, ebook or brochure cover art needing a bold graphic mark","Construct the numerals from reportlab.graphics.shapes (Rect, Wedge, Circle grouped in a Drawing) rather than real type for exact geometric control; canvas.rotate(90) for the vertical date string; credits block as a zero-border two-column Table; logo placed as a vector Drawing or PNG anchored bottom-left in a footer Frame.",a8e344bd8e887e4eba05a92454fcad84.jpg
19,Hanging Sign Career Cover,Cover Design,"blog cover, career guide, restaurant, Pinterest graphic, hanging sign","Vertical 2:3 poster with a photographic bokeh restaurant background; a wood-framed brass hanging-sign graphic fills the top half for the title, a photo subject overlaps the sign in the lower half, and a logo lockup sits at the base.",Engraved-brass script/serif mix for the sign title ('Restaurant Manager' script over 'How To Become A' small caps); bold sans logotype in the footer.,"#B08D57 brass/gold, #2B2118 dark wood brown, #1C1C1C shadow black, #FFFFFF logo white","Blog/article cover images, Pinterest pins, career-guide lead graphics for content marketing.",Not a multi-page document — treat as a single full-bleed Canvas page (2:3 ratio) with drawImage for the photo background; the sign graphic and its title type should be pre-composited in PIL/Illustrator since ReportLab cannot do the bokeh/drop-shadow blending or brass-emboss text effect natively.,c2b9103e8eb190cbd733ee0362d4537c.jpg
20,Neon Checklist Section-Divider Cover,Cover Design,"section divider, neon icon, dark cover, checklist document icon, Cyrillic label templates","Full-bleed dark cover/divider slide: small eyebrow label top-left ('K.LAB / 11'), centered glowing checklist-document icon, bold caps wordmark below ('ШАБЛОНЫ' = 'Templates'), faint grid dots and a flowing light-line accent across the page","Small tracked sans eyebrow label, bold wide-tracked sans caps wordmark below the icon","Near-black navy #05070F, electric blue glow #2E9FFF, cyan highlight #6FD8FF","section-divider covers for dark-themed reports, template/resource-pack cover slides",Full-page dark background via canvas.rect fill; glowing icon approximated with layered stroke Circles/Path at decreasing opacity behind a crisp icon Image; wordmark as a centered bold ParagraphStyle in light gray-blue; subtle dot grid via looped small Circle draws.,f02a8bcad2169479b1f13d7d8954101e.jpg
21,Neon Content Stack Cover,Cover Design,"glow UI, dark tech, 3D card icon, wavy line motif, AI product cover",Square dark canvas; small tracked kicker label top-left; centered 3D stacked-card illustration mid-frame with a soft glow outline; bold all-caps headline centered in the lower third; a thin wavy line and faint dot grid cross the background for texture.,Heavy grotesk display headline (Montserrat/Inter Black) ~48pt wide letter-spacing in all caps; tiny mono-style kicker label ~10pt tracked.,"#05070F near-black background, #2E6BFF/#5AA9FF electric blue glow, #A9C4E8 light blue-gray text","AI/SaaS product cover slide, lead-magnet cover, digital content-pack thumbnail.",Layer several translucent radial circles (canvas.setFillAlpha + circle) behind a PNG icon drawn with drawImage(mask='auto') to fake the glow; draw the wave with canvas.bezier as a stroked path; headline via drawCentredString in Helvetica-Bold; dotted grid via a nested loop of tiny canvas.circle calls at low opacity.,6b17806d37b8430c6e4786058cea96eb.jpg
22,Newcastle Now Geometric Triangle Cover,Cover Design,"annual report cover, geometric triangles, photo-masked mosaic, brand color block","A4 portrait cover; top band on white holds logo (left) and report title/year (right); lower two-thirds is a mosaic of large color and photo-filled triangles meeting at a central point, with a bold year numeral reversed out of the bottom triangle.","Sans logo wordmark small-caps ~10pt, report title regular sans ~14pt right-aligned, oversized year numeral ~60pt bold white-on-plum.","#E5007D magenta, #F26B21 orange, #5B1A48 deep plum, #FFFFFF white, #231F20 text","Nonprofit/BID annual report covers, brand-driven geometric report or brochure covers.",Draw each triangle with canvas.beginPath/moveTo/lineTo/close and setFillColor for the flat-color shapes; for photo-filled triangles use canvas.clipPath around the same polygon then drawImage inside the clipped state; title/logo placed in a top Frame band separate from the canvas-drawn cover art.,9a0559276becf21d0868e6c1cd664766.jpg
23,Purple-Orange Gradient Cover Kit,Cover Design,"annual report cover kit, gradient duotone, geometric shape variants, brochure cover system","6-cover grid, each A4 portrait using one large geometric shape (circle quadrant, diagonal curve, arrow chevron) in a gradient overlaying a duotone city-skyline photo; small logo top-left, title block mid-left, year + tagline bottom",Bold two-weight title ('BROCHURE' bold + 'COVER' regular); small caps eyebrow 'ANNUAL REPORT'; small sans year/footer,"Violet #6A3FD1 to orange #F5934A diagonal gradient, white, navy/black alternate bg #14142B",Annual report / brochure cover design system with swappable geometric shape variants,Gradient shape via canvas Path fill with a PIL-generated gradient PNG mask over the photo Image; duotone photo pre-processed in PIL before embedding; one cover PageTemplate with a swappable shape-drawing function per variant,a42240abef7981b60bc852e329d396d4.jpg
24,Spiral-Bound NGO Workshop Booklet Cover,Cover Design,"NGO report cover, spiral binding mockup, EU-funded program, restorative justice, blue yellow orange geometric","Front cover uses large overlapping circle/wave shapes in blue with yellow and orange dot accents, a top-left partner-logo lockup, and a bold condensed title block in the lower third; back cover mirrors the color band with contact/social icons.","Bold condensed all-caps sans title 28-36pt white on blue, small orange rounded badge label, thin italic tagline, footer sans 8pt.","#1B3FA0 royal blue (primary shape/background), #F5C518 yellow (highlight accent), #F0752E orange (secondary accent), #FFFFFF white (text/background)","NGO program reports, workshop booklets, donor-funded project cover pages",Cover PageTemplate onPage function drawing overlapping canvas.circle shapes with clipping to build the wave graphic; title block as a white Helvetica Neue Bold Condensed Paragraph over the shape; small circular orange badge via canvas.circle plus centered Paragraph; back cover reuses the same drawing function mirrored; social icons as a small inline Table row.,9385bcf37d1cfe7f2a1654e919040270.jpg
25,Triangular Photo-Mosaic Travel Cover,Cover Design,"triangle grid, photo mosaic, zig-zag collage, travel photography, minimal caption block","Portrait page filled top-to-bottom (~80%) with an interlocking triangle photo mosaic on a white field, a small rotated brand mark top-left, and a bold caption + italic tagline set in the remaining white space bottom-right.",Bold condensed tracked all-caps sans headline (14-16pt); light italic serif/sans tagline; tiny rotated vertical brand wordmark.,"#FFFFFF page bg, #F4C6D7 blossom pink, #2B3A67 twilight blue, #D98A3D lantern amber, #3A3A3A caption text","Photo-book or ebook covers, travel magazine feature openers, Pinterest-style pin templates.",Precompose the triangle mosaic as one raster asset (or clip each triangle with canvas.clipPath + drawImage per shape) and place via a full-bleed Image flowable; overlay the caption in a Frame positioned over the blank lower-right quadrant; rotate the small brand text with canvas.saveState()/rotate()/drawString().,a4218925d31dd38629a2a9dd62789c9c.jpg
26,Trico ESG Diagonal Split Cover,Cover Design,"ESG report, diagonal split, corporate photography, teal ribbon accent","Portrait cover split diagonally: left/upper region is a full-bleed field photo with bold reversed headline, right/lower region is a solid navy panel holding the logo, report title and subtitle; a thin teal diagonal ribbon crosses the seam; small URL callout bottom-left.","Bold condensed sans headline on photo ~28pt white, logo wordmark sans-serif with a script-style italic tagline underneath, footer sans 10pt.","#1B3A4B deep navy, #2AB6A6 teal ribbon, #FFFFFF white text, photo-derived earth tones","Utility/cooperative ESG or sustainability report covers, corporate annual report covers needing a photo+brand-panel split.","canvas.clipPath with a diagonal polygon splits the page into photo and navy-panel regions; drawImage the photo full-bleed inside the clip, setFillColor navy rect for the other region; simulate the teal ribbon with a rotated rectangle (canvas.saveState/rotate/rect/restoreState); logo and title text placed via drawString inside the navy region.",cd10f5a3708d507b06421d985cde6339.jpg
27,Beige Fashion Workbook Collection,Ebook/Workbook,"fashion ebook, workbook template, taupe minimal, chapter divider, course guide",Grid of ~12 flatlay pages alternating full-bleed lifestyle photo pages with white text pages using a bold two-line title stack; chapter dividers show a large number + photo strip; sideways spine labels run along far edges,Bold modern serif/slab titles mixed with thin tracked sans labels; uppercase eyebrow tags; generous whitespace,"Taupe/beige #D9CDBF, black #111111, white #FFFFFF, warm grey text","Fashion/lifestyle brand ebook, workbook or online-course template, digital guide",Sideways spine label via canvas.rotate(90) Paragraph; full-bleed photo pages as zero-padding Frame; text pages 1in-margin Frame with 42pt bold title + thin HRFlowable caption divider,7374ea2fde0ca7d3174cf6a51bab43ad.jpg
28,Blue Minimal Ebook Cover Mockup,Ebook/Workbook,"whitepaper cover, lead magnet ebook, minimal blue cover, accent bar title block",Vertical cover mockup (held under arm); small green accent bars mark title block top-right and left margin; multi-line bold left-aligned title stacked ~5 lines; small logo lockup bottom-left,"Bold sans headline, tight leading, stacked short lines; small logo wordmark caption","Royal blue gradient #1B3FA0 to #274FCF, white text, mint green accent #3FCB8A","Lead-magnet ebook cover, whitepaper cover page",Full-bleed gradient cover Frame via stepped rect fills; thin green accent line via Line/Drawing top-right corner; bold white Paragraph title left-aligned; small logo Image + hairline rule bottom-left,5ff3b7eea36718811a26afcdea060b3a.jpg
29,Blush Editorial Workbook Kit,Ebook/Workbook,"fashion workbook, blush pink ebook, chapter dividers, 21-day challenge calendar, testimonial pages",Portrait ebook pages: chapter covers with large numeral + photo top / color block bottom third; worksheet pages with grid calendar; testimonial cards; two-column FAQ.,"Bold mixed serif/sans huge chapter numerals, uppercase tracked labels ('CHAPTER TWO'), regular sans body.","Dusty Rose #B85C6B, Blush Pink #F2D9D9, White #FFFFFF, Black #1A1A1A","Fashion/lifestyle coaching workbooks, digital course PDF kits",Chapter PageTemplate = photo top 60% + color rect bottom 40% with numeral+title overlay; Table calendar grid for challenge worksheet; testimonial Table with star Unicode + quote Paragraph.,8596dc50630339ba99a7e139a01274ad.jpg
30,Boho Arch Ebook Suite,Ebook/Workbook,"boho ebook, arch motif, canva ebook, neutral earth tones, social media pack, author bio page, TOC dot leaders",4x5 grid of portrait A4/Letter mockups: cover with arch-shaped photo cutout + circular author photo; bio spread 2-col with circular crop overlapping arch shape; TOC with serif numerals and leader dots; alternating photo/text chapter pages,Large serif script logotype paired with wide-tracked serif display headline; small-caps serif eyebrow labels; TOC uses serif numerals with dot leaders; body in light serif/sans,"Mauve/taupe #C9BEB8, warm cream #F2E9DE, terracotta/rust #A85C3B, deep brown text #4A3B33, white #FFFFFF","boutique ebook covers, personal-brand workbooks, lead-magnet PDFs",Platypus Frame per page type; arch shapes via reportlab.graphics.shapes.Path with bezier arcs; circular photo crop via Drawing + clipPath; TOC as Table with TableStyle LINEBELOW dotted rule or manual dot-leader string padding; terracotta accents via custom ParagraphStyle textColor.,032164f6e992c5095ec9b491efd15eb6.jpg
31,Canva 250-Page Ebook Template Family,Ebook/Workbook,"course workbook, ebook template family, illustrated landscape banner, lead magnet set, coaching PDF","Promo grid of ~24 thumbnail pages showing one consistent minimal template family: a flat illustrated landscape banner (hill + cloud) at top or bottom of each page, generous white space, varied content types (FAQ, pricing outline, quote page, chapter divider, checklist); bottom promo band with headline + rounded CTA button",Elegant serif page titles; clean sans body/labels; bold serif big promo headline over the grid,"Sage green #6E8B4A, sky blue #A9CDE8, cream/tan #EDE3D3, brown CTA button #8A5A34","Course workbook, lead-magnet ebook family, coaching/education PDF template set",Illustrated landscape banner as a reusable PNG/SVG asset placed via Image flowable at the top or bottom of the Frame; one base PageTemplate with a swappable content Frame region defines the template family; CTA button via roundRect + centered Paragraph on the promo page only,e2ad51861a7bd404e473893d4367e3db.jpg
32,Circle-Motif Course Workbook,Ebook/Workbook,"course workbook, orange black geometric, overlapping circles, checklist pages, worksheet outline","Cover with overlapping black/orange circles and stacked wordmark; interior worksheet pages with numbered oval checklist boxes, two-column outline pages, Q&A fill-in boxes.","Bold condensed stacked headline, small caps section labels ('TITLE HERE'), sans body with orange numeral bullets.","Orange #F0932B, Black #1A1A1A, White #FFFFFF, Light Gray #F5F5F5","Online-course companion workbooks, worksheet/checklist PDF kits",Overlapping circle cover via layered Drawing Circle shapes with clipping; oval outline blanks via roundRect stroke; 2-column Frame for content pages; small Drawing per list item for orange numbered-circle bullets.,8b0752e15ec56818304a896e9d306049.jpg
33,Diagonal Split Ebook Promo Card,Ebook/Workbook,"product promo tile, InDesign ebook template, diagonal split background, floating cover mockup",Diagonal two-tone background split (dusty blue vs white); top-left logo+wordmark with rule; two stacked label chips; floating rotated cover mockup bottom-right with photographic background and translucent white title panel,Light modern sans logo lockup with letter-spacing; bold uppercase small chip labels; serif-ish subtitle on the mockup cover,"Dusty blue #A9C1CC, white, near-black #1B1B1B, marble-grey diagonal wash",Template/product promo tile; also a reference for an ebook cover with photo bg + translucent title panel,Diagonal split via canvas Path triangle fill; label chips as small filled rects with centered Paragraph; drop-shadow mockup via offset light-grey rect behind a rotated Image (canvas.saveState/rotate/restore),683052ff00b89e1fcf470bc80c69c2a7.jpg
34,Editorial Timeline Split-Page History Layout,Ebook/Workbook,"editorial history book, timeline layout, split page photo, coffee-table publication, National Parks style","Consistent 2-column split page: left 45% white margin column with rotated sidebar year label, diamond-framed year badge, serif headline, thin vertical rule, body copy; right 55% full-bleed photo bleeding to page edge with small bottom-right credit line; variant page lists multiple year entries stacked in the left column",Elegant serif display headline ~30pt; small caps location/date labels; thin sans body ~9pt; tiny credit captions,"White bg, deep forest green #2E4A2E, rust/terracotta #B5651D accents, full-color and sepia archival photography","Coffee-table or history ebook, timeline report, editorial narrative PDF",Left/right split via two Frames (45/55 width) per page; diamond year badge via a rotated square canvas Path; rotated sidebar year label via canvas.rotate(90); full-bleed photo Frame with zero padding; thin vertical divider between columns via canvas.line,cdc0ccb7635f8b726dd8206d9b6b7f38.jpg
35,Pop Art Chapter Divider Ebook,Ebook/Workbook,"pop art ebook, comic chapter dividers, bold color blocks, illustrated portraits, youth brand","4x4 grid of portrait pages: cover with half-page illustration block, numbered TOC, full-bleed illustrated chapter-divider pages alternating with quote pages and text+image pages","Chunky bold condensed comic-style display headlines, oversized rotated chapter numerals, clean narrow-column sans body","Coral orange #F4623A, hot pink #E8398A, sunshine yellow #F5C518, turquoise #29C5C5, black #111111","creative/youth-brand ebooks, pop-culture lookbooks, illustrated guides",Full-bleed Image flowables preceded by canvas.rect color-block background; rotated chapter numeral via canvas.saveState/rotate + drawString; single-column body Paragraph with 14-16pt leading; alternate colored ParagraphStyles per chapter for variety.,1fbba291a9ffc771903c05c7620acf24.jpg
36,Cinema Feature Magazine Grid,Magazine,"film magazine layout, modular grid overlay, duotone story spreads, ficha técnica, timeline captions","Landscape magazine spreads paired with an underlying 12-column modular grid; each story intro uses one dominant duotone color block (full-bleed photo or solid) opposite a cream page with a pull quote or credits table, and later spreads show scene-timeline photo grids with bold minute-marker captions.","Bold condensed two-weight stacked display title per film, small caps kicker/section label, cream body sans/serif, large bold red minute-numerals for timeline captions.","#1B4FA0 cobalt blue, #F5EFD8 cream, #8A2BE2 magenta/purple accent, #E8442C tomato red, #000000 black text","Film/culture magazines, entertainment editorial features, portfolio grid-system references","Define a reusable 12-column grid by computing Frame x/width fractions in a BaseDocTemplate, then alternate PageTemplates per story (color-block-left/text-right vs photo-grid); ficha técnica as a borderless two-column Table; minute-marker captions as a Table row of Image+bold-red-numeral Paragraph pairs, photos pre-duotoned in PIL to each story's accent hue before embedding.",ba48b0a1c49b5738460f827fde9ad047.jpg
37,Minimal Red Fashion Lookbook,Magazine,"lookbook, fashion ebook, chapter divider, minimalist, editorial, black-and-white photography","Portrait spreads with generous white/gray margins, black-and-white portrait photography paired with oversized chapter numerals (ONE/TWO/THREE), thin red rule accents, and small red geometric shapes as section markers.","Bold condensed sans chapter numerals ~80pt, italic script accent word ('Chapter'), clean sans body 9-10pt, small red uppercase labels.","#E8232B signal red, #FFFFFF page white, #1A1A1A black-and-white photography, #F2F2F2 light gray field","fashion lookbooks, photography ebooks, minimalist creative portfolios","Two-column Frame spread per page with generous 1in+ margins; chapter numeral as a Paragraph with a custom ParagraphStyle (tight leading, Helvetica Neue Bold ~90pt); grayscale Image flowables with a red accent shape drawn via canvas.rect/drawPath; thin red HRFlowable under headings.",6d48e463fe66e79e09d78ac530a44b08.jpg
38,Peach Editorial Fashion Magazine,Magazine,"fashion magazine layout, editorial spreads, peach cream palette, hairline rule text columns, contributor page","Multi-column magazine grid (2-col text + image sidebar), ToC with page numbers and thumbnail row, feature spreads with bleed photos and hairline-ruled justified columns, small-caps section eyebrow.","Elegant serif headlines, hairline-ruled justified body columns, small caps eyebrow labels, italic script byline/signature.","Cream #F7F1EA, Peach #E8B896, Black #1A1A1A, White #FFFFFF","Fashion/lifestyle digital magazines, editorial lookbooks",2-3 Frame multi-column layout per page; HRFlowable hairlines between paragraphs; Table-based ToC with dot leaders; sidebar color Frame for image captions.,a541ca02e3be21b431822f0336f5725b.jpg
39,3D Glow Icon Feature Card,One-Pager,"cybersecurity ad, 3D glossy icon, glassmorphism card, dark blue social square, feature callout","Square 1:1: centered glossy 3D icon on radial glow top half, bottom rounded glass-panel with label pill, headline, wavy divider, body copy.","Bold sans headline 28-32pt, small all-caps pill label, light regular body copy.","Deep Navy #0A1128, Electric Blue #1FA8FF, Cyan #4FD8FF, White #FFFFFF","Security/SaaS feature one-pagers, sell-sheet callout cards",Radial-gradient background pre-rendered in PIL and placed as Image; rounded glass panel = semi-transparent white rect (fill alpha ~0.15) with stroke; pill Table cell for label; wavy divider via bezier Path.,38da93412fc04c34ede5a896ba651741.jpg
40,Bordered Webinar Promo One-Pager,One-Pager,"webinar landing page, keyline border, script tagline, laptop mockup, course promo","Single landscape one-pager framed by a thin black keyline border: hand-lettered script tagline over bold condensed caps 3-line headline, centered laptop mockup with screen content, cropped phone-in-hand photo bottom-right","Casual script accent line, ultra-bold tracked condensed display headline, small sans mockup-screen body copy","Off-white #F1EFEA, black #111111, neutral skin tones","webinar/course promo covers, info-product landing one-pagers",canvas.rect stroke for full-page keyline border; mixed-font title block using two ParagraphStyles (registered script TTF + bold condensed caps TTF); device mockup as Image with rounded-rect frame drawn behind it via roundRect.,82aaf8a01eab4c9571b5bc39c3e5fef7.jpg
41,Clarify Case-Study Sheet,One-Pager,"case study, SaaS, healthcare analytics, stat callouts, binder mockup","Single A4/Letter page: left-aligned logo and eyebrow label, a large headline stat claim, two-column overview text with an inset profile/data card, and a three-column colored callout-card row across the bottom for highlights.","Clean geometric sans headline (28-34pt, medium weight, tight leading) in dark navy; 10pt sans body in gray; small bold caps labels such as 'CASE STUDY' and 'OVERVIEW'.","#7EC8E3 sky blue (accent card fill), #F5F6F7 light gray page ground, #1B2733 navy-black text, #FFFFFF white card","B2B SaaS case studies, sales-enablement one-pagers, customer success stories.","Single Platypus Frame; the three-column highlight row is a Table with equal-width cells and TableStyle BACKGROUND='#7EC8E3', the inset stat card is a nested Table with small colored pill Tables for percentage badges, and HRFlowable marks the thin rule under the logo lockup.",2566176982ed12f019d6f33d69582b49.jpg
42,Dark Chocolate Bakery Promo Poster,One-Pager,"bakery flyer, food promo poster, organic blob shapes, social media ad, Pinterest food graphic","Portrait full-bleed dark background with organic tan blob shapes top-left and bottom-right; circular-cropped hero product photo center-right; stacked mixed logotype top-left; footer bar with location pin, social icons, phone number",Mixed display type — bold condensed sans 'BAKERY' + playful script 'try me!'; small sans tagline; tiny uppercase footer contact,"Espresso brown #2B1B14 (bg), tan/caramel #C9976B (blobs/accent), cream #F1E4D8 (text)","Bakery/café promo flyer, Instagram/Pinterest food ad, single-page menu teaser",Organic blobs via canvas Path with curveTo bezier segments; circular photo mask via clipping path; footer icon bar as Table with icon+text cells; full-page dark bg rect,3b9f2be1dfb65512b2eee43fb0d57184.jpg
43,Dark Navy AI Product One-Pager,One-Pager,"SaaS AI ad, dark navy, glassy shield icon, outlined CTA button, demo request one-pager","Portrait: top logo bar + hashtag, left headline/body/outlined CTA button, right stacked glass-panel icon illustration with central shield badge, bottom contact bar with icons.","Light large two-line sans headline, small gray body sans, uppercase tracked outline-button label, bold bottom contact text.","Navy/Black #0B1524, Cyan #29D3E0, Gold accent #C89B3C, White #FFFFFF","AI/SaaS product landing one-pagers, sales collateral cover sheets",Dark background rect; outlined CTA via roundRect stroke-only; layered semi-transparent rects for glass-panel stack illustration; small icon grid Table; separate colored Frame for bottom contact bar.,7765d242a87e33254cef5911e3636b81.jpg
44,Diagonal Split Tech Service One-Pager,One-Pager,"SaaS flyer, diagonal split, dark navy panel, feature icon list, 3D hero illustration, CTA ribbon","Portrait page split by an angled/curved diagonal into a light-left, deep-navy-right zone; left holds a 3-line bold headline, subhead, and a stacked 3-item icon+label+description feature list; right holds a full-bleed 3D illustration; a full-width dark CTA band with logo/URL closes the bottom.",Heavy geometric sans (Montserrat/Poppins Black) headline mixing black and accent-blue color runs; bold small-caps sans (12-13pt) feature labels; regular sans (10pt) body copy; light tracked sans CTA line.,"#F2F1F5 light panel bg, #0B0F2E deep navy panel, #3B4CCA/#4E5BFF indigo-blue accent, #1B1F52 icon-badge fill, #F4F1EA off-white type","B2B service/product intro one-pagers, cold-outreach leave-behinds, landing-page-style cover sheets.","Single-page canvas: fill full-bleed background, draw the diagonal boundary as a filled Path (beginPath/lineTo or curveTo) in navy; place headline/body in a left Frame via Paragraph; render the 3-row feature list as a borderless 2-col Table (icon cell + text cell, fixed rowHeights); bottom CTA = full-width colored Rect with centered Paragraph, topped by a thin HRFlowable in the accent blue.",216d50172ed9e84ce740e0cc69cf2eb4.jpg
45,Duotone Green Case Study Sheet,One-Pager,"case study flyer, one-pager, duotone photo, stats donut, corporate fact sheet","US-letter portrait one-pager: masthead band with a duotone-green photo, logo and contact strip, followed by a 2x2 body grid (Overview/Key Points/Problem/Target) with small icons, continuing on a second sheet with Solution/Challenge/Results/Benefits and two small percentage-donut stats.","Bold green caps section headers, small sans body paragraphs, square green bullet markers, large centered percentage numerals inside the donut charts.","#3C7A3E brand green, #4A9950 lighter green accent, #F7F3EC cream paper, #2B2B28 dark text, #FFFFFF white","Sales case studies, client success one-pagers, service fact sheets",Two-column grid via a Platypus Table nesting Paragraph blocks per quadrant; masthead as a canvas green rect band with a PIL-duotoned photo Image overlaid; stat donuts via reportlab.graphics.charts.piecharts.Pie with wedge gaps and centered percentage text; 1pt green HRFlowable separating each section.,d90f8a3ddb6a4295d545dd74d6c301cb.jpg
46,Editorial Legal Case Study,One-Pager,"case study, legal services, minimalist editorial, cobalt blue accent, stat cards, two-column body","Single long page: thin top nav rule, large two-line headline, indented italic pull-quote intro, a small square photo beside a two-column justified body, and a bottom row of three bordered stat boxes.","Cobalt sans headline 32pt, italic indented intro 14pt, two-column body copy 8-9pt gray, bold cobalt stat numerals 24pt.","#EFEFEA off-white (background), #1E1EE0 cobalt blue (headline/accent/stats), #1A1A1A black (nav text), #4A4A4A gray (body text)","legal/consulting case studies, agency portfolio one-pagers, professional-services proof points","Single narrow-margin Platypus Frame; HRFlowable thin gray rule under nav header; two-column body built as a 2-cell Table each holding a Paragraph; bottom stat row as a 3-cell Table with TableStyle BOX borders and centered bold cobalt numerals; Helvetica Neue throughout, cobalt RGB(30,30,224) for accents.",68ab8c8755db29145a29d874eec9e8f7.jpg
47,Finderbridge Travel Collage One-Pager,One-Pager,"travel poster, cross-shaped photo collage, cutout portrait, bold display headline","Portrait one-pager; oversized display headline across the top; a cross/plus-shaped grid of 5-6 travel photos built around a central cutout portrait, with bird and rhino cutouts breaking outside the grid edges; a three-line mixed-color CTA block and thin-rule footer with URL sit in the bottom third.","Heavy condensed display sans headline (Anton/Bebas Neue style) ~60pt tracked caps, subhead line mixing red/black/green colored words, centered regular sans body ~12pt.","#EDE6D2 cream background, #1F5C3A deep green, #B23B22 brick red, #8A7B4E olive-gold headline, #1A1A1A body text","Travel/tourism product launch poster, single-page marketing collateral, lead-gen landing page PDF.",Pre-composite the collage and cutout portrait as a single transparent PNG (Pillow) and place with drawImage(mask='auto'); build the headline with drawCentredString in Helvetica-Bold at large point size; render the subhead as multiple drawString calls per colored word; add an HRFlowable divider above the footer URL Paragraph.,2b6d5dbc041794e644ad2ac3c442becd.jpg
48,Framed Collage Furniture Flyer,One-Pager,"furniture flyer, product poster, colored photo frames, branch contact boxes, social footer","Single vertical poster: full-width lifestyle photo top half, centered bold brand wordmark + tagline, 3-photo asymmetric collage with green/orange picture frames, left bullet service list, two-column branch/phone info boxes, footer social icon bar","Heavy condensed sans brand name, thin tracked subtitle, bold sans bullet list with colored dot markers, bold numerals for phone numbers","Charcoal sofa gray #4A4A4A, mustard gold #D9A441, forest green frame #2F4A3C, burnt orange frame #C1592B, cream #F4EFE8, black text #1A1A1A",furniture/retail single-page promotional flyers,Colored photo frames via canvas.rect border + inset Image; bullet list via ListFlowable with custom bulletColor; two-column contact box as Table with colored header cell (TableStyle BACKGROUND); footer icon row as inline Table with small icon Images + Paragraph.,574bc3791a51693ac61104acb46e7669.jpg
49,Glow Document Workflow One-Pager,One-Pager,"SaaS product ad, dark teal glow, e-signature illustration, workflow diagram, trust badges","Portrait ad: centered 3D glossy document illustration with dotted-line connector icons, top logo+URL bar, bottom CTA pill and corner trust badges.","Bold mixed-weight sans headline, italic script tagline, small caps badge text.","Deep Teal/Black #06181C, Teal Glow #1FD1C1, White #FFFFFF","SaaS/CRM product launch one-pagers, feature announcement sell-sheets",Dark background rect with radial-glow PNG underlay; dotted connector lines via canvas.setDash; rounded pill CTA button; badge circles in bottom corners via small Drawing objects.,68bb674178bbbc2d13982e7d7c1f05b7.jpg
50,Lavender Numbered Process List,One-Pager,"process list one-pager, checklist PDF, lavender flat color, numbered steps, content upgrade","Single flat-lavender background; large two-line bold sans headline top; numbered list items each underlined by a thin rule; footer URL left, circular arrow CTA button bottom-right",Bold grotesque headline ~40pt; medium sans numbered list items ~20pt; thin 0.5pt rules; small sans URL,"Lavender/lilac #D6C9F5, black #0D0D0D, white","Process/step list one-pager, content-upgrade PDF, checklist lead magnet",Numbered list via Table (number col + label col) with TableStyle LINEBELOW 0.5pt grey; circular arrow button via canvas.circle + Path arrow; full-page solid-color background rect,84d24d63eb8bfa56d57ac19da2a47ff2.jpg
51,Modern Home Real Estate Flyer,One-Pager,"real estate flyer, property listing PDF, home for sale, swoosh divider, CTA button","Top half full-bleed hero photo with a curved white swoosh divider and diagonal accent stripe; roof-icon logo + two-tone headline overlay top-left; bottom half gold-gradient with 3 circular photo thumbnails, checklist column, rounded CTA button + contact block, footer location bar",Heavy condensed two-tone headline; bold price line; checkbox-list body text; bold all-caps CTA button label,"Warm gold/amber #E8A33D to brown #5C3A1E gradient, charcoal photo overlay, white text","Real estate/property listing flyer, single-page property PDF",Curved swoosh via canvas bezier path fill; circular thumbnails via clip-path Images in a Table row; CTA button via canvas.roundRect with centered Paragraph; checklist via Table with checkbox-glyph column,890a1a487efba190057ef262be702fa4.jpg
52,Serif Stack Title Card,One-Pager,"blog title graphic, Pinterest pin, serif headline stack, lead magnet cover, editorial title","Full-bleed solid-color background; oversized serif headline stacked across 6 left-aligned lines filling ~70% of height; bold small-caps subhead, thin horizontal rule, byline near bottom margin","Large serif display (~60-70pt, tight leading); bold sans small-caps subhead ~14pt; sans byline ~16pt","Blush pink #EAD3C4 (bg), deep teal/forest #1D3B34 (text and rule)","Blog post cover, lead-magnet/ebook title page, Pinterest pin graphic",Single full-page Frame; Paragraph with custom ParagraphStyle for stacked headline (tight leading ~0.9x fontsize); HRFlowable 0.5pt divider; note serif look requires an actual serif TTF registered — Helvetica Neue alone won't match,246c9ccf39725f18a29ccbb63b9223e9.jpg
53,Sketch-Style Branding Map Diagram,One-Pager,"brand strategy diagram, mindmap, org chart, hand-drawn boxes, marketing flowchart","Single-page hand-drawn-style org chart: root 'Strategy' box branching to Identity/Story, then sub-branches (Marketing, Voice, Mission, Collateral, Logo, Website, etc.) connected by right-angle arrow connectors on a textured paper background","Bold black condensed sans title, colored bold sans labels inside each box, uniform box styling throughout","Textured light gray #EEEEEE, blue #2E5FA3, red #C0392B, green #6AA84F, purple #8E44AD, gold #B8860B, cyan #17A2B8","brand strategy diagrams, process/mindmap one-pagers embedded in a report","Build as a Drawing with roundRect boxes (reportlab.graphics.shapes.Rect, rx/ry rounding) each with a distinct strokeColor, connected by orthogonal Line/PolyLine segments; automate placement via a layout list of (x,y,w,h,color,label,parent) looped programmatically.",dc74ff3d09b3b48a1b1368214bfe7bec.jpg
54,Streetwear Bubble Tea Poster,One-Pager,"product poster, bubble tea, Y2K streetwear, bold typography, promo flyer","Single-page vertical poster grid (4 flavor variants): oversized bubble-outline headline type wraps behind a cutout product photo, scattered sticker doodles (bolts, stars), and a repeated flavor-name texture in the background.","Extra-bold rounded bubble-outline display type for product name ~80-120pt, bold sans tagline strip at bottom, repeated all-caps 'MILK SHAKE' stack as texture.","#1B3FBF royal blue base, #F2C230 yellow, #E8177D magenta, #FFFFFF cutout background, flavor-specific accent (brown/pink/tan/green)","food and beverage promo posters, social/print flyers for a product launch",Single canvas composition rather than flowable-driven: simulate outlined bold text by drawing it twice offset (white halo then color fill); place a transparent product-cutout PNG as an Image flowable over a full-bleed colored rect; scatter doodle icons at fixed x/y coordinates.,416f375c43ee54d42bfc13c03ccea128.jpg
55,Teal Acronym Marketing One-Pager,One-Pager,"digital marketing flyer, acronym layout, teal highlight, agency one-pager, service capability","Single vertical one-pager: logo top-left, centered bold headline, centered vertical acronym word list (DIGITAL) with each key letter in a teal highlight square, tagline pair separated by a vertical rule, footer contact bar with icons and teal rule","Bold teal display headline, medium sans acronym words with colored letter-tiles, thin sans tagline, small sans footer contact info","Teal #1B7A6E, near-black text #1A1A1A, light gray background #EDEDED, white #FFFFFF","digital marketing agency one-pagers, service capability flyers",Acronym rows as a Table (one row per word) with the highlighted letter as a separate small Table cell with teal BACKGROUND; footer contact bar via 3-col Table with icon+text and an HRFlowable teal rule above it.,cca2b59e2042b91412fc6aa76629ec52.jpg
56,70s Retro Lettering Badge Pack,Other,"retro lettering, logo badges, 70s groovy, sunburst background, clip art pack",Grid of standalone lettering/logo lockups (not a page layout) — each cell a wordmark on a sunburst or solid color card,"Assorted bold retro display faces: bubble script, chunky block caps, striped condensed caps","Olive green #5A6B2E, mustard #D9A441, teal #2E8B84, coral #E9603D, cream #F2EEDD","decorative title treatments, badge/sticker assets, not a page structure",Register custom retro display TTFs and reuse individual wordmarks as cover accents via canvas.drawString; not a Platypus layout to replicate wholesale.,33c34ac4b06d033f69fbe560e83a20d7.jpg
57,Bleed-to-Edge Type Foundry Specimen,Other,"type specimen, oversized wordmark, font foundry poster, bleed typography, metadata footer","Full-bleed color block with a single ultra-bold condensed word bleeding off the left and right edges, and a thin footer row of pipe-separated metadata labels (foundry, weight, set, year); a branding poster, not a document template.",Extra-black condensed display sans at huge scale; tiny tracked sans footer labels (9-10pt).,"#F5401D bright red-orange bg, #F4F1EA off-white type",Type foundry marketing posters and font specimen sheets — not a reusable content layout.,"Full-bleed canvas.setFillColor rect, then canvas.drawString with a registered black-condensed TTF at very large point size (letters exceed page bounds intentionally); footer built via four fixed-x drawString calls separated by short vertical-bar glyphs.",d268d694bbc95f396e86136ae65c9426.jpg
58,BrandDrive Shadow Ad,Other,"social ad creative, conceptual photography, brand tagline, minimal white background","Not a print/PDF document template: a single social-ad image with logo top-right, centered headline, a hero photo (cat casting a lion shadow) mid-frame, bold CTA copy below it, and a centered handle footer.","Light rounded sans body copy ~22pt with a bold mid-sentence emphasis phrase, small tracked-caps handle footer ~12pt.","#F5F5F3 near-white background, #2B2B2B charcoal text, #C97B3A ginger-cat orange, #8A8A8A shadow gray","N/A as a print template — Instagram/LinkedIn ad creative for a marketing agency; only reusable as an ad layout pattern, not a document.","If rebuilt as a single-page PDF: drawImage the hero photo full-width, drawCentredString for headline/CTA mixing Helvetica and Helvetica-Bold runs, drawImage for the logo top-right, small drawCentredString for the footer handle.",d9b8f8ada936090ab61c61a172662331.jpg
59,Chrome 0% Finance Icon Render,Other,"3D render, chrome, finance icon, 0% APR, blue gradient, stock graphic",Not a document layout — single 3D rendered icon (chrome '0%' numeral on a pedestal with stacked coins) on a dark-to-bright blue gradient background,None (no text elements),"Deep navy #0A1A3A, royal blue #1E5FD9, chrome highlight #E8F0FF","hero icon insert for finance/promo covers, not a reproducible page",Use only as a placed Image asset in a cover Frame; no shape reproduction needed.,2668f1cc3f9d401310012d14cbb84d3c.jpg
60,Cybersecurity Shield Glow Render,Other,"cybersecurity, shield icon, glowing padlock, circuit network, dark blue tech",Not a document layout — a 3D/glow stock illustration of a padlock shield over a radiating circuit network on a dark blue background,None,"Deep navy #0A1628, electric blue glow #2FA8E8, cyan highlights #7FE0FF","cover hero graphic for security/IT whitepapers, not a reproducible layout",Place as a full-bleed or inset cover Image only; no shape structure to replicate.,a1c3f1290cfa7b2e5891cfa411bf5fa5.jpg
61,Denim Scrapbook Journal Frame,Other,"scrapbook frame, denim, gingham, journal border, decorative collage","Decorative photo-frame/border collage: denim star patch, gingham check, ribbon bow, starfish and stacked-books stickers surrounding a blank grid-paper center panel",None (decorative asset only),"Denim blue #3A5A7A, powder blue gingham #A9C3D9, cream paper #F2EFE3, navy accents #1F3350","themed journal/planner page border, not a structured document template",Use as a fixed background Image with a transparent center window sized to the content Frame; place body text/Paragraphs inside the blank grid area.,74e3064f07918726b3cf37ba6a18b96b.jpg
62,Dharmas Studio Groovy Font Bundle Board,Other,"font bundle marketing, Instagram mosaic grid, retro script, badge emblem, product mockups","Instagram-grid mosaic of ~15 square tiles mixing giant script/display wordmarks, a circular emblem badge, a sunburst-frame oval logo, product mockup photos, and pattern tiles; a font-bundle promo sheet, not a document layout.","Multiple display specimen faces (retro-groovy script, chunky serif slab, rounded bold serif); tiny tracked sans captions.","#0E2B24 teal-black, #E8A63A mustard/orange, #F3E9D2 cream, #4FA8A0 turquoise",Font-bundle marketplace listing images (Creative Market/Etsy) — not a reusable print template.,"Not a natural single-document target; if replicated, place each tile as an Image flowable in a borderless 3-col Table with 4pt spacing to mimic the grid, registering each display TTF for any live-drawn wordmark tiles.",854c13621f86efc95201ecd24cf51ee3.jpg
63,Executive Edge House-Chart Logo,Other,"logo mark, house icon, bar chart icon, corporate branding, transparent PNG","Standalone logo lockup on transparent checkerboard: roofline + house outline containing a bar-chart glyph, wordmark below","Bold sans wordmark with color-accented second word, small tracked sans tagline","Charcoal navy #1F2A3A, steel blue #2E5C8A, gold bar accent #D9A441","logo asset placeholder only, not a page template",Place as a fixed-size Image in header/footer Frames of a corporate report; not a layout to reproduce.,63ec24d840fc21ae8cba0306faee2a0f.jpg
64,Groovy Script Alphabet Specimen,Other,"retro font, 70s script, type specimen, pink teal gradient, display alphabet","Not a page template — a font specimen card: script wordmark logo top, full alphabet + numeral set below on a pink-to-teal gradient background","Thick retro script display face for the alphabet showcase, condensed for glyph set","Hot pink #E8398A, dusty rose #E9A6C0, teal-green gradient #3FA79E to lavender #C9A9D6","decorative title treatments only, not a layout to reproduce","If reused, register the script TTF and set as a display ParagraphStyle for cover titles only; not a Platypus page structure.",15db113dc835211abb634ee8def3f85a.jpg
65,Ink-Splatter Process Flowchart,Other,"process flowchart, design service workflow diagram, ink splash banner, oval node diagram, not a page-based document",Vertical flowchart with rounded-oval and rectangular milestone nodes connected by arrows; black ink-splash banners used as CTA/download headers.,"Bold uppercase sans node labels, thin connector lines, italic script text on splash banners.","Peach #F0C4A8, Sage Blue-Gray #A8B5B8, Black #1A1A1A, White #FFFFFF",Not a page-layout template — a standalone process/workflow diagram graphic,If reproduced: reportlab.graphics.shapes Oval/Rect nodes with Line connectors in a manual Drawing; outside the standard Platypus flowable pipeline.,dbf70a00ecd4e8ad4288722f14d13789.jpg
66,Lost Days Retro Font Product Carousel,Other,"font specimen, Instagram carousel, mockup mug, seamless pattern, retro display type","Three stacked square social panels: bold two-word display title panel, a lifestyle mug-mockup photo panel, and a seamless scalloped-badge pattern swatch panel; not a document page template.","Chunky rounded retro display face for the headline word pair, thin tracked small-caps subhead.","#EC5E96 hot pink bg, #F5F3B0 pale yellow display type, #2B2B2B charcoal mockup text","Font/product marketing carousels (Etsy, Creative Market) — not intended as a reusable document layout.","This is a product-marketing mockup sheet, not a print template — flag as non-template; if ever reproduced, each band would just be a full-bleed colored Rect plus an Image flowable, no Platypus structure needed.",4a79b1a52290336229ecc84307e5e786.jpg
67,Maroon Glow Instagram Highlight Icons,Other,"Instagram highlight covers, social media icon set, maroon wine palette, circular icon grid, not a print template","2-column grid of 8 circular icons, glow effect around each, mix of photo-filled and solid-color script-label circles.",Elegant script/serif labels centered within each circle.,"Deep Maroon/Wine #4A1420, Black #0D0505, White text, Rose Gold accent",Not applicable to print/PDF documents — social-media highlight icon set only,"Not part of the report pipeline; if ever needed, circular Image masks via PIL clip + Drawing, arranged in a 2-column Table.",e105f24fb9323115bd5a89e4fc5bb7c1.jpg
68,N/A,Other,"portrait photograph, stock/AI headshot, no layout or text","Not a design template — a close-up portrait photograph of a woman with no grid, typography, or print layout elements; likely a raw stock/cover-image asset rather than a catalog entry.",N/A,N/A,N/A — flag for exclusion from the template catalog or reuse only as a photo asset within another template,"N/A — if reused, treat only as an Image flowable inside another template's masthead or cover frame, not as a standalone layout.",0cbd98bd1d238b0bdae1a9c11c483148.jpg
69,N/A,Other,"font specimen sheet, vintage retro display typeface, layered drop-shadow lettering, textured paper background","Not a document layout — a type-foundry marketing sheet showing a wordmark, two quote callouts, and a full glyph set on a crumpled-paper texture; useful only as decorative-type reference, not a reproducible page grid.","The image IS the typography sample: a retro layered script/slab display face with a rainbow drop-shadow offset, glyph set shown at ~40-90pt.","#E7E4DD cream paper texture (background), #2B3A5C navy (outline/main letterform), #E97D5A coral (shadow layer), #4E8C82 teal (shadow layer)",N/A as a page template — reference only for cover/pull-quote lettering treatments,"N/A — not a layout to reproduce; the offset-shadow effect could inform a decorative cover title (loop of canvas.drawString calls at incremental x/y offsets with different fill colors behind a Helvetica Neue Black headline), but the source is a font specimen, not a document.",11cc74be446e2a883bb865aaefce1ab4.jpg
70,N/A,Other,"tarot deck packaging, product photography, guidebook spread mockup","Not a page/document layout — this is product photography of a boxed tarot card set (box, fanned cards, and an open spiral guidebook spread) shot at an angle, so there is no reproducible print grid to extract.","N/A — only illustrated card labels visible, not a document type system.","#2B3A55 navy (box), #E8896B coral (card art), #7C9473 sage (card art), #F3E9DD cream (guidebook page)",N/A — not usable as a ReportLab document template,"N/A — this is a physical-product mockup photo, not a document to reproduce in ReportLab.",844b21fdafcc2a8281c00143e27abe80.jpg
71,N/A,Other,"isometric illustration, cybersecurity fingerprint 2FA, tech marketing hero graphic",Not a document layout — a single dark-blue gradient stock illustration of a 3D isometric fingerprint scanner with a semi-transparent glass info card (headline + body text) in the lower-left corner.,"Bold sans headline 24pt white, uppercase pill badge label 8pt, light blue-gray body sans 9pt.","#0A2A5E to #145DA0 deep blue gradient (background), #2FD4E8 cyan (glow accent), #FFFFFF white (text)","N/A as a full page template — usable only as a hero/banner graphic within a security-themed cover or slide, not a layout to reproduce","N/A for full-page reproduction — if reused as a cover accent, the glass card could be approximated with a semi-transparent Rect (fillAlpha) holding a pill-badge Paragraph plus a Helvetica Neue Bold headline, but the source itself is a stock illustration, not a document template.",e7c9c33db4db6ecb1ca4884de50efcef.jpg
72,N/A - Groovy Plant Sticker Art,Other,"retro typography, plant illustration, sticker/badge design, not a page template","Circular bubble-letter wordmark wrapped around a potted-plant illustration, shown in two colorways as a badge/sticker asset rather than a document layout.","Custom groovy bubble display lettering curved into a circular badge shape, no body text hierarchy.","#F0EAD8 cream, #7C7A2E olive green, #A8A83E lime, #B4665A terracotta pot","N/A as a page template - decorative badge/sticker asset for packaging, merch, or a themed cover accent",Not a reproducible ReportLab layout; embed as a single vector/PNG Image flowable rather than reconstructing the curved bubble letterforms natively.,9ef83721d59fa106cab290e79bfba0fe.jpg
73,N/A - Retro Sticker Art,Other,"retro typography, bubble letters, quote sticker graphic, not a document template","Single square graphic: chunky 3D bubble-letter quote centered on a solid pink field with checkerboard side bars, stars, and daisy doodles; a standalone illustration, not a page layout.","Custom hand-drawn bubble display lettering with layered drop-shadow/outline, no text hierarchy.","#F5A0B5 pink background, #F2E9D8 cream letters, #7B4FA0 purple checkerboard, #E8B23A yellow accents",N/A as a page template - usable only as a decorative sticker/quote asset for a themed cover or social tile,"Not a reproducible multi-element layout; if reused, embed as a single PNG/vector Image flowable rather than rebuilding bubble letterforms with native ReportLab shapes.",1c93e9b06839c2c541fd196320b5c188.jpg
74,N/A - Social Screenshot,Other,"tutorial photo, social media caption, not a document template","Photograph of a MacBook displaying a PowerPoint slide, overlaid with an Instagram-style caption bubble; no reusable print/PDF grid to extract.",Overlay uses a bold rounded sans caption bubble; on-screen content uses a generic bold sans headline.,"#1A1A1A keyboard/laptop, #F4A24C sunset photo backdrop, #FFFFFF caption card","N/A - not a reproducible layout, it is a lifestyle/tutorial photo used as social content, not a template",Not applicable; nothing in this image is a page layout pattern to rebuild in ReportLab.,5f9112b0a7d8febb74c19d3ed4ae6731.jpg
75,N/A — 3D Document & Pen Icon,Other,"3D icon, glassmorphism, contract writing icon, pen and document render",Isolated 3D render of a translucent glass document with a fountain pen and small chart cards on a white bg; no page structure,None,"White bg, blue/violet glass gradient #3A5FE0 to #8A6FE8, chrome pen highlights",Decorative cover icon for proposal/contract-themed reports,Not applicable for layout reproduction; embeddable as a PNG icon asset only,e6f4ea061cad4ef71fbcec507185f760.jpg
76,N/A — 3D Glass Finance Folder Icon,Other,"3D icon, glassmorphism, finance folder, iridescent render, not a document layout",Single isolated 3D render of a translucent iridescent folder with floating chart cards; no page grid or text hierarchy present,"None (icon only, no live type)","White bg #FFFFFF, iridescent teal/violet/pink glass gradient, blue/purple bar & line chart accents","Decorative hero icon asset for a finance report cover corner, not a reproducible layout","Not a template to reproduce structurally; if reused, embed as a pre-rendered PNG via Image flowable in a cover Frame corner",115a1dce668e5e65dea30ee175256ffc.jpg
77,N/A — 3D Security/Finance Icon,Other,"3D icon, glassmorphism, shield document coins, finance security render","Isolated 3D render of blue glass shield with checkmark, document stack, and coin elements on white bg; no page structure",None,"White bg, blue glass gradient #4A9FE8 to #1A5FB4, gold coin accent #E8B84A",Decorative icon for finance/security section dividers on a report cover,Embed as a pre-rendered PNG icon Image asset in a cover or section-divider Frame corner; not a page layout to reproduce,40dbfd06f61959b92bb4a3311d839493.jpg
78,N/A — Adobe Illustrator Workspace Screenshot,Other,"software screenshot, Illustrator UI, blank artboard, not a design template",Screenshot of an Illustrator interface with panels and a nearly blank artboard; no finished design content to catalog,None (UI chrome only),"Dark grey UI chrome #3A3A3A, white artboard, small color swatch bar",Not applicable — contains no reusable design pattern,Not applicable,9a922d8121c26e66cf4d45ddc6c5b1e5.jpg
79,N/A — Holographic Dashboard UI Render,Other,"3D render, sci-fi glass UI, hologram dashboard, not a print layout",Isolated 3D render of a floating glass holographic dashboard ('Nano Factory Control') with charts and gauges; no page grid,Futuristic sans UI labels within the render only,"Metallic silver/grey bg, blue glass UI panels #2E7FD9, white glow accents",Hero/cover illustration for tech industry reports; not a reproducible print layout,Not applicable for ReportLab layout reproduction; usable only as an embedded cover Image asset,c3b86d055cfc7b344a3523a9f16e0bdc.jpg
80,N/A — Ornate Gold Logo Badge,Other,"logo mark, wordmark badge, gold on black, wreath emblem, typography brand logo","Circular glowing ring frame around a hand-drawn letterform wreath emblem, with wordmark and tagline centered below; not a document page","Serif wordmark 'LetterCrafted' with thin small-caps tagline underneath, separated by a hairline rule","Near-black navy bg #14141C, gold line art #E8C468, cream highlight","Reference for a cover-page emblem/badge treatment (circular ring + wordmark + tagline), not a full layout","If reused as a cover badge: circular ring via canvas.circle stroke, small-caps tagline below a Paragraph with HRFlowable divider above it, dark bg rect",55e6f6bf24f49a31c8c25e703f6ba03b.jpg
81,N/A — Phone Mockup Photo,Other,"device mockup, hands holding phone, blank screen photo, not a print template",Photographic stock image of hands holding a smartphone with blank white screen; no document layout present,None,"Neutral grey bg #EDEDED, skin tones, black phone bezel, white screen","App-screenshot mockup background, not usable as a PDF page layout reference",Not applicable to ReportLab page composition; could serve as a full-bleed cover photo asset only,29b06b301d3bdd24e1b646193e90afc2.jpg
82,N/A — Retro Bubble Font Specimen (Groovy Style),Other,"retro font specimen, Y2K bubble lettering, QR promo footer, font marketing sheet",Two duplicate hero lockups on cream bg followed by a light-grey footer band with centered QR code Image flanked by vertically stacked 'FREE'/'FONTS' letters,Chunky retro bubble display font for hero words; bold sans stacked single-letter labels in footer,"Cream #F7E9DD (main bg), pale blue/orange/pink bubble letter fills, light grey #EAEAEA (footer band)","Font marketing sheet, not a document template; the QR-promo footer band pattern is reusable",Footer band as light-grey rect with centered QR Image and rotated stacked-letter Paragraphs (canvas.rotate 90) flanking it,580ece62dad10915f2a2fa5a1bc4dbbd.jpg
83,N/A — Retro Daisy Bubble Font Specimen (Super Flower),Other,"retro font specimen, Y2K daisy bubble lettering, font marketing sheet, checkered pattern","Three stacked sections separated by thick horizontal rules: oversized hero word specimen, two mid-size example lockups with checkered pattern accents, and an alphabet + numeral swatch row at bottom",Chunky retro bubble display font (hero + example words); small sans uppercase labels for alphabet swatch,"Cream #F7E7C4 bg, multicolor bubble letters (pink #F28FB0, mint #6FD9C4, orange #F2A65A, blue #8AC4E8)","Font marketing sheet reference for playful display typography treatment, not a document layout",Not applicable for direct reproduction; the 3-section stacked layout with thick dividing rules could inspire a style-guide page via a Frame split into 3 sections by canvas rects (4pt rule) between them,ff3fc9f2725760f8df3fa012477192b7.jpg
84,N/A — font showcase card,Other,"font specimen, retro groovy display type, product showcase","Not a page-layout template: three stacked example phrases ('Groovy Vintage', 'Stay Groovy', 'Back to School') demonstrating a retro bubble-outline display font, decorated with sparkle icons on white.",N/A,"#FFFFFF background, #D98A4E/#E7B98B tan-orange gradient letterforms, #3A2E22 outline","N/A — font marketplace preview, not a document template.","N/A — this image is a font-marketplace preview graphic, not a template to rebuild in ReportLab.",7724bb8ba7e132ef8ccb0f9e19aaf193.jpg
85,N/A — font specimen sheet,Other,"font specimen, character set, bubble typeface, glyph chart","Not a page-layout template: a stacked character-set reference showing lowercase, uppercase, numerals and punctuation for a bubble display typeface on a flat cream background.",N/A,"#F5EEE1 background, #E8814A bubble-letter orange","N/A — useful only as a typeface reference, not reproducible as a document design.","N/A — this image is a marketplace font-preview graphic, not a template to rebuild in ReportLab.",5636479875b26142cce5b0b20e20cf24.jpg
86,N/A — not a design template,Other,"app ad, 3D render, ed-tech marketing, social square, not a print template","Square social/app-store ad: centered 3D floating-book illustration over dark gradient, logo top, bold tagline bottom. No print grid, margins, or multi-page structure.","Bold sans logo wordmark, large bold sans tagline.","Dark charcoal #1A1A1A, Electric blue glow #2FA8E8, White #FFFFFF","Not applicable — this is a marketing/app-store creative, not a reusable PDF layout pattern","Not a document template; if repurposed, treat only as a single full-bleed cover Image with overlay text, no reusable grid.",1ca5fe8e1d96908ae3c72b423a4f48f3.jpg
87,Neon Holographic Copy Scroll Ad,Other,"holographic scroll, neon glow, copywriting ad, product render, pen and scroll","Not a document page — a 3D marketing render: glowing translucent scroll with checklist copy and a metallic pen, on white background","Bold neon-glow sans headline, small glowing checklist items, cursive signature line","Electric blue glow #29B6F6, near-black scroll edge #101820, white background #FFFFFF","hero graphic for a copywriting service ad, not a reproducible page layout","Not suited to Platypus reproduction; if referenced, use only as a placed hero Image on a service one-pager cover.",4df7b8d134f95dece72ca7eb1ec9bfc4.jpg
88,Neutral Tone Template Roundup Grid,Other,"Pinterest roundup graphic, Canva template collage, marketing grid, listicle cover image",3x4 grid of template-thumbnail photo tiles with a centered overlapping gray square holding a bold serif title.,"Large bold serif center title, small serif captions on each tile.","Taupe #C9BBAE, Charcoal #4A4A4A, Cream #F5F0EA, Sage #8A9A7E",Not a print/report layout — a marketing listicle/roundup social graphic,If reproduced: 3-column Table of Image cells with a centered semi-opaque overlay Paragraph box layered via canvas; not part of the standard document pipeline.,d4c2356ab1a48ad6356326f2559517c8.jpg
89,Not a print/PDF template — social doodle graphic,Other,"hand-drawn doodle, mind map, Instagram carousel, marble background, meme-style infographic","Single square social-media tile: a script wordmark ('social media manager') at center with hand-drawn arrows and scribbles radiating out to six related role labels, on a marbled/plastic-wrap textured background — a one-off caption graphic, not a structured print layout.",Large italic serif script for the central phrase; small handwriting-style sans/typewriter labels for the surrounding role names.,"#1A1A1A black ink, #EDEAE3 warm off-white/marble ground — essentially a two-tone hand-drawn graphic","Instagram/Pinterest carousel filler content, not suited for reuse as a report/proposal/brochure template.",Skip cataloging as a ReportLab template; this is a single decorative social post asset with no repeatable frame/grid structure worth encoding as Platypus flowables.,73963e8ee275272cc6c3296c4aadf51c.jpg
90,Pantone Chip Moodboard Collage,Other,"moodboard collage, pantone color chip, binder ring divider, aesthetic reference board, not a structured document","Full-bleed flower photo top with Pantone swatch card overlay, binder-ring divider strip, bottom collage grid of lifestyle images with a solid color swatch block.","Small caps vertical side labels ('SAVE FOR LATER'), minimal Pantone code block text.","Sage Green #A8C09A, Soft Pink #F0C4CE, Cream #F5EFE6, Black text",Not a structured document template — this is a Pinterest-style aesthetic moodboard/collage,If reproduced: irregular-cell Table for photo collage plus one color-swatch cell mimicking a Pantone card; not part of standard report/proposal pipeline.,d11515cb9ff89d0905fd71507e128a6e.jpg
91,Portrait Photo (Not a Template),Other,"stock photo, portrait, headshot, orange hijab, plain background","No layout — a plain stock/profile photograph of a woman on a light background, no type or design elements present",None,"Light gray-blue background #DCE4E8, orange scarf #E8622A, skin tones","usable only as a placeholder headshot/avatar image inside another template, not a template itself",Not applicable — insert as an Image flowable within an existing bio/testimonial layout if needed.,af1fd97c6bb5d6a18aee62e48c60659c.jpg
92,Retro Cartoon Font Specimen Sheet,Other,"font family promo, retro cartoon type specimen, halftone pattern, pangram showcase, not a document template",Two stacked panels: top blue halftone panel with bold cartoon-outline logotype and mascot characters; bottom pink halftone panel showing the pangram set in the retro font; small feature-list footer.,"Chunky retro outlined display font for the pangram demo, comic-badge label text.","Periwinkle Blue #A8B8E8, Pink #F0A8B8, Yellow #F5D949, Cream outline",Not a document layout — a font-family marketplace promo/specimen graphic,"Not part of the report pipeline; if used purely decoratively, register the custom display TTF and tile a halftone-dot PNG as a section-divider background.",f4b4e57828d15ed3087640333c59e44d.jpg
93,Retro Confetti Polka Dot Pattern,Other,"seamless pattern, polka dot, retro palette, background fill, endpaper",Not a document layout — a seamless repeating polka-dot pattern on a cream background,None,"Cream #F2EFE3, mustard #D9B23C, coral #E8724A, sage teal #7DBAB0, olive #A6A03C",decorative endpaper or background fill behind a cover title block,Tile as a repeating background via canvas.Circle loop or a pre-rendered tile Image set as page background before drawing foreground content.,6ff697780cfd1acf2b7575b305a8fd6c.jpg
94,Retro Font Showcase Pin,Other,"Pinterest pin graphic, font specimen list, retro typography, Canva marketing asset, not a document layout","Vertical 2:3 pin: framed white card listing font names each set in a different display font, floral corner decorations, black footer CTA bar.","Mixed retro/groovy display fonts stacked as a list, no body text.","Blush Pink #FADCE0, Teal #2F4B4A, Mustard #C9A227, Coral #F0805A",Not a print-document pattern — social/Pinterest font-roundup marketing graphic,If ever reproduced: single-column Table with each row using a different registered TTF; decorative PNG corner flourishes placed as flowables. Not part of standard report pipeline.,3ee023096b45d7aac19536cb664bc683.jpg
95,Retro Groove Pattern Set,Other,"retro background, 70s pattern, checkerboard, sunburst, swirl, decorative texture pack","3x4 grid of square background-pattern swatches (sunburst rays, checkerboard, wavy stripes, chevron, liquid marble, gingham) on a blush field with a product-label header; an asset pack rather than a page layout.",Bold rounded script logo wordmark plus a bold sans label headline; no body text hierarchy.,"#F6D9C8 blush backdrop, #C1442E terracotta, #D98A2B mustard-orange, #2C6E6B teal, #7A2E4A plum-pink","cover/background textures for retro-themed brochures or posters, not a full page layout","Reproduce individual swatches as drawn canvas patterns (wedge sunburst via canvas.wedge, checker via nested rects) sized to a cover Frame background, layered under a title Paragraph; use as a decorative canvas band, not a multi-page Platypus template.",8818b6c97a77d0d3b5a34d21012cdd3d.jpg
96,Sage Lifestyle Instagram Post Grid,Other,"social media templates, Instagram grid, sage green branding, lifestyle photography, quote cards","Grid of square social-media post templates (not print/PDF pages): sale banners, quote cards, calendar/date card, testimonial card, all in a consistent sage-green lifestyle brand system","Elegant serif display headline ('BUSINESS INSTAGRAM POSTS'), script accent phrases, small sans caption text on individual posts","Sage green #8FA187, cream #F5F1EA, black #1A1A1A, muted olive #6E7A5E",reference only for the sage-green/cream color system in a brand's PDF collateral,Not a PDF page structure; reuse only the color palette (sage/cream/black) for a brand's ParagraphStyle and rule colors.,e170b2ce0264197f854b99426d34a7ce.jpg
97,Smile Sunday Bubble-Letter Sticker Promo,Other,"sticker bundle, bubble letters, SVG graphics promo, pastel candy palette, download badge","Vertical marketplace promo sheet: black 'DOWNLOAD NOW' pill badge, giant 3D bubble-letter wordmark banner, orange 'BONUS SVG GRAPHIC' circular badge, a mid-section grid of sticker illustrations with a text column, and two large single-sticker showcases at the bottom.",Thick rounded bubble/puffy display font with drop shadow for headline and stickers; bold rounded sans supporting labels.,"#F7EBDD cream bg, #F2A6C6 pink, #B9D6EE sky blue, #B9CFA0 sage, #E8963C amber, #3B2618 outline",Font + SVG sticker bundle marketplace listings — not a print/document template.,Best reproduced as pre-rendered raster stickers placed via Image flowables in a Table grid; badge pills as canvas.roundRect with centered Paragraph text; live vector reproduction of the hand-lettered bubble style is impractical in ReportLab.,b3c417597c746a0659b1022f35eb5006.jpg
98,Travel Hero UI Laptop Mockup,Other,"website UI, travel site, laptop mockup, dark hero image, card row","Website hero screenshot inside a laptop device mockup — not a print/PDF page; dark full-bleed nature photo, left-aligned white headline + CTA button, right-side 3-card thumbnail row with rating badges","Large bold sans display headline in white, small sans nav labels, small badge numerals on cards","Sage gray-green background #B9C4BC, deep forest overlay #16281C, white #FFFFFF, teal accent badges #2E7D6B","reference only for a dark-image hero band with card row (adapt to a report cover section, not literal reuse)","If adapting: full-bleed Image with dark gradient overlay rect (alpha), white Paragraph headline + roundRect CTA button, 3-column Table of Image thumbnails with small circular rating badge Drawings.",30f968469cd54cdeeb87e2765b0d1a21.jpg
99,Triangular Photo-Collage Anniversary Post,Other,"social media post, agribusiness, triangular photo collage, anniversary graphic, green brand","Square social-media promo (not a multi-page PDF): large outlined numeral '5' left, headline text center, triangular-cropped photo collage (landscape, farmer, tractor, lamb) right, logo/contact footer","Bold sans headline, thin sans supporting line, bold sans logo wordmark","Bright green #2ECC40, white #FFFFFF, light dot-texture background #F5F5F0",anniversary/milestone social posts; the triangular-crop cover motif is reusable for a report cover,If adapting the triangular-crop concept: build via reportlab.graphics.shapes.Polygon clip paths placed over Image flowables in a collage arrangement; outline numeral via canvas stroke-only large font.,c23d0ad059f025b61c85c73686a718b2.jpg
100,Wine-Tone Instagram Content Grid,Other,"Instagram feed template pack, Portuguese copy, maroon color-blocking, notification mockup, quote card","3x7 grid of square (1:1) social posts mixing bold quote cards, phone-notification mockups, numbered-tip lists, countdown/live-event graphics, and captioned photo cards, unified by maroon color-blocking and a recurring logo watermark; a social-scheduling template pack, not a print page.",Bold condensed sans headlines (mixed case and all-caps); occasional script accent word; small sans body/labels; monospace-style clock numerals on notification mockups.,"#5A1F2E deep maroon/wine, #F2CFDD blush pink bg, #F5EDE4 cream panel, #FFFFFF text",Instagram content calendars for coaches/marketers — not intended for print/PDF pipelines.,"If adapted to print, map each tile to a fixed 1:1 borderless Table cell holding a Paragraph over a colored background Rect; otherwise this is a raster social-template set outside ReportLab's typical use case.",e06d7c918bc743acd2fd9078bf1d68c0.jpg
101,Benjamin Portfolio Deck,Presentation,"personal portfolio deck, resume slides, side nav rail, yellow accent, photographer CV","Stack of 16:9 slides sharing one grid: cover is a split-screen (white text panel ~40% left + full-bleed portrait photo 60% right); inner slides use a fixed left photo strip plus a yellow icon-nav rail (~15% width) beside a white content area holding stat cards, tables or a portfolio thumbnail grid.","Bold sans display headline (Montserrat Black) ~40pt for names/section titles, tracked small-caps sidebar nav labels ~10pt, regular sans body 9-10pt.","#C9C9C9 gray background, #111111 black panels, #F2A93B mustard-yellow accent, #FFFFFF white content panels","Personal/freelancer portfolio deck exported as PDF, interactive CV, photographer or designer self-promo booklet.",Define one PageTemplate per landscape page with a fixed yellow Frame nav rail (rect + Table of icon rows) and a second content Frame; stat cards built as a black-fill Table with white numeral Paragraphs; portfolio grids as an Image-cell Table with even column widths and zero padding for a tight thumbnail wall.,ae39204fa9c63eaa4c56de3c8f4f3840.jpg
102,Black Ivory Creative Brief Deck,Presentation,"creative brief, campaign deck, black ivory, split headline, timeline, mood grid, corner tab accents","16:9 slides on black background with small colored corner tab ticks: alternating photo-block + bold hyphenated headline layouts, numbered goals list, vertical dot-marker timeline by month, 4-image mood grid, circular percentage stat badge, reference photo grid","Huge bold condensed sans headlines (often split across two lines, e.g. 'CAM-PAIGN'), small sans numbered list items, small-caps index/eyebrow labels","Black #0A0A0A, cream/ivory #F0ECE1, olive green #6B7B4F, brown #4A3B2A, full-color photography","creative agency briefs, campaign strategy decks, mood-board presentations",Black page background via canvas.rect fill; small colored corner-tab Rects positioned per slide corner in a reusable PageTemplate function; circular percent badge via Pie/Circle combo with centered bold Paragraph; vertical timeline via Line + Circle markers positioned from a date list.,fc4dbade1050fbaa3195f6bf580a3590.jpg
103,Blush Minimal Infographic Deck,Presentation,"minimalist slide deck, pastel infographic, SWOT analysis, donut chart, goals timeline","30-slide thumbnail wall in 4:3 ratio, each slide built on generous whitespace with a single accent chart (donut/target/circle) or icon row, centered or right-aligned title, and a small corner page-number dot; SWOT slides use oversized single translucent letters as section dividers.","Thin light sans caps headline per slide, small grey caption subtitle, minimal numeral/percentage labels beside donut charts.","#D9A9A0 dusty rose, #C98B82 deeper rose accent, #8C8378 warm grey, #F7F3EF cream background, #2B2B2B near-black text","Brand/pitch presentations needing a soft minimalist aesthetic, market-analysis or SWOT decks",Build each slide as a Platypus page on a custom widescreen pagesize; donut/target charts via reportlab.graphics.charts.piecharts.Pie with innerRadius for the ring look; oversized SWOT letters as a single large Paragraph in Helvetica Neue Bold at ~300pt with low-opacity fill; thin 0.5pt rose HRFlowable rules under titles.,751b2a8a345f3e690e16f09e258916b1.jpg
104,Bold Type Creative-Brief Deck,Presentation,"creative brief slides, bold typography, black and orange deck, agenda numerals, editorial presentation",16:9 slides: hero slide full-bleed photo with giant white outline title overlapping edge; black agenda slide with numeral+item grid; white content slides with two-column image+text.,"Huge bold condensed sans headline overlapping photo, large numeral display for agenda items, small sans body.","Black #0D0D0D, White #FFFFFF, Orange #E8501C, Gray #6E6E6E","Creative brief presentations, brand/agency intro decks",Landscape Frame per slide page; full-bleed drawImage for hero photo; large Paragraph in bold Helvetica-Neue-Bold ~80pt for numerals; solid-fill background rect for dark agenda pages.,2637b0ee59f45aec18c40457c22c385f.jpg
105,Chevron-Arrow Achievement Infographic Set,Presentation,"business achievements slide, chevron arrows, colorful infographic, process steps, org chart variant","16:9 slides: four color-coded chevron/arrow shapes with white icon circle centered, title+description below; alternate variants use ribbon banners, org-chart, ascending steps, or circular badge rows.","Bold sans slide title, colored category label per segment, small body sans description.","Magenta #E8375C, Blue #2E7DE0, Green #4CAF50, Orange #F5A623, White #FFFFFF","KPI/achievement summary slides, process or milestone infographics",Arrow/chevron shapes via reportlab.graphics.shapes Polygon; white icon-holder Circle + Image; 4-column Table layout; reusable helper function drawing a colored arrow banner given color+text params.,74aed58b9321750b9e58e033627dcabd.jpg
106,Daphne Ruivo Neon Media Kit,Presentation,"media kit, influencer deck, Portuguese, pink black, Instagram stats, sponsorship deck","Slide-stacked deck mixing full-bleed black photo covers with bold pink script/display titles; stat slides show follower counts and audience demographics via bar/donut mini-charts, a partner-brand logo strip slide, and a closing contact/CTA slide.",Oversized pink handwritten script for the name/section titles paired with heavy black condensed sans for headlines; small tracked uppercase sans for stat labels; pink circular badge callouts.,"#E6127A hot pink (brand accent), #0A0A0A black (dominant ground), #FFFFFF white, #F2F2F2 light gray card fill","Influencer/creator media kits, personal-brand decks, sponsorship pitch presentations.","Slide-per-page landscape Canvas pages; register the script font as a custom TTF via pdfmetrics for the title Paragraph over a full-bleed photo Image; build the stats slide as a Table of rounded-rect stat cards with Pie/Bar mini-charts from reportlab.graphics.charts, and the partner-logo row as an evenly spaced Table of logo Image flowables.",d3ea844740f486fd5b28feba9543eaa0.jpg
107,Dark Botanical Sustainability Deck,Presentation,"sustainability presentation, dark green nature photography, ESG deck, botanical macro photos, Canva free template",16:9 slides alternating full-bleed leaf macro-photo slides with solid dark-green text slides; arched shapes divide a 3-pillar section; pill buttons for action items.,"Bold uppercase white sans headline, thin light-green body sans, small caps eyebrow label.","Deep Forest Green/Black #0D1F14, Sage Green #6E8F5C, White #FFFFFF","ESG/sustainability presentations, nature-brand pitch decks",Full-bleed Image via drawImage matched to page bounds; solid dark background rect for text slides; arch dividers via canvas bezier curves; rounded pill Table cells for action list.,624e90843b4c6bb84bf7e97aa293c20d.jpg
108,Diamond-Accent Industrial Slide Deck,Presentation,"construction presentation, green corporate deck, diamond accents, stat row, industrial B2B","16:9 slides: top color band with logo + badge tag, rotated small-square corner decorations, bottom 3-4 column stat row, circular CTA button overlapping photo.","Bold dark-green/white sans headline, bold numbered stat labels, small sans body.","Forest Green #1F5C4E, Mid Green #2E6B57, White #FFFFFF, Light Gray #F4F4F4","Construction/industrial B2B company decks, capability presentations",Colored header band via canvas.rect; rotated square Polygon accents; 3-4 column Table for stats row; circular Drawing with arrow glyph for CTA button.,478397ad467e4230237e489825746fe6.jpg
109,Diamond-Grid Real Estate Deck,Presentation,"real estate presentation, construction company deck, green diamond motif, service cards, circular process diagram","16:9 slides: scattered rotated-diamond corner decoration, diamond-cropped photo insets, 3-column service cards with diamond icon badges, circular numbered process diagram.","Bold black sans headline, green numbered labels, gray sans body.","Kelly Green #3FA64A, Lime #8BC34A, White #FFFFFF, Black #1A1A1A","Real estate/construction company pitch decks, project portfolio presentations",Diamond shapes via 45°-rotated Rect (canvas.rotate); diamond-crop photos via PIL rotate+mask; circular process diagram via reportlab.graphics.charts.piecharts or custom Drawing; 3-column Table for service cards.,b4fd2410c7c8ca44afbfccd8b8ec8409.jpg
110,Editorial Fashion Masterclass Deck,Presentation,"masterclass presentation, editorial black and white, fashion photography, script accent, workbook slides",Full-bleed duotone photo backgrounds; rounded white card centered on hero slide; content slides with rounded-arch photo insets and pill-shaped image frames.,"High-contrast serif display headline (Didot-style), cursive script accents, small tracked uppercase captions.","Cream #F0EDE6, Black #1A1A1A, Warm Brown #6B5B4D, White #FFFFFF","Fashion/lifestyle masterclass decks, coaching workbooks with editorial feel",Rounded-rect Image clip via PIL mask; serif TTF (Playfair-style) registered for headlines; thin hairline HRFlowable dividers; generous Frame padding for whitespace-heavy composition.,3393f0f9a481cdb60dddc6053ad2a56d.jpg
111,Editorial Mono-Photo Deck,Presentation,"powerpoint template, minimal, emerald black white, B&W photography strip, geometric corner square","Title slide has a full-width black-and-white photo strip topped by a solid emerald color band with the headline; content slides use an asymmetric split (photo/pattern block on one side, white text panel on the other) with a recurring small white corner square as a brand mark and numbered section dividers.","Bold grotesque sans headline 40-60pt, italic 10pt eyebrow label, gray body sans 9-10pt.","#1E8E5C emerald (accent/section band), #111111 black (image/contrast), #FFFFFF white (background), #EDEDED light gray (panel)","corporate/agency slide decks, portfolio presentations, minimal business pitches","Landscape BaseDocTemplate (11x8.5in); canvas-drawn emerald Rect band plus small white square accent via canvas.rect on each onPage callback; Frame split ~45/55 for image-placeholder vs. text column; HRFlowable under section numerals; Helvetica Neue Bold headline, Helvetica Neue body.",af8f5c87084d8a280e0e659d05daafe5.jpg
112,Ember Gradient Quarterly Report Deck,Presentation,"quarterly report, gradient slides, agency deck, KPI progress bars, corporate presentation","16:9 slides alternating gradient and white backgrounds; top nav bar (logo left, 3 links right); left column stacked photo collage of 3 rounded portraits; right column big headline + short paragraph + pill CTA; scattered plus/x/circle accent shapes; KPI rows with % figures and pill status badges","Large rounded-sans display headline (60-70pt), small tracked-caps nav labels, 10-11pt sans body, bold percentage numerals","Burnt orange-to-maroon gradient #C0442A to #5C1A12, white #FFFFFF, charcoal #222222, amber accent #F4A93B","quarterly/board presentations, agency and startup decks","Landscape canvas.setPageSize; gradient band via reportlab.graphics.shapes linearGradient or manual multi-rect stepping; rounded photo crops via roundRect clip path; pill CTA via canvas.roundRect + centered Paragraph; KPI rows as 3-column Table (label, %, roundRect badge) built per row.",3ef982ee1272ef4203321bcf1e6657dc.jpg
113,Flat-Illustration Science Education Deck,Presentation,"education presentation, flat illustration, science classroom, blue and orange, kids learning slides",16:9 slides: split-background cover (color top / white bottom) with character illustration; content slides mix flat illustration with bulleted text blocks and rounded pill CTA buttons.,"Rounded bold sans headline, small orange pill button label, navy bulleted body sans.","Sky Blue #BFE0F7, Navy #1B3A5C, Coral #F2724F, White #FFFFFF","Education/e-learning presentations, kid-friendly training decks",Split background via two stacked canvas.rect fills; pill CTA via roundRect; illustration PNGs placed as flowable Images; ListFlowable with colored bullet glyphs for content text.,589b04ef3bf524b943611c896d19df2f.jpg
114,Forest Editorial Brand Guide,Presentation,"brand guidelines, style guide, logo usage, color palette, typography spec, mockups","16:9 slides alternate full-bleed deep-green title panels with cream/khaki content pages showing logo grids, swatches, and mockups (business card, tag, envelope) in 2-column layouts.","Elegant display serif/script section titles ~60-90pt, small-caps sans spec labels 9-10pt for typography/color detail.","#1E4638 deep forest green, #F1EAD9 cream background, #A9AE9A sage, #8C8577 warm taupe","brand style guides, agency brand books, identity presentations",Two alternating Platypus PageTemplates (green vs cream Frame background via canvas.setFillColor rect); TableStyle grids with 0.5pt hairlines for swatch/typography-spec pages; register serif and script TTFs for wordmark and headline treatment.,3406c494dea8fc4b73208ee9feb5eec9.jpg
115,Glassmorphic Blue Business Summary Deck,Presentation,"free PPT template, glassmorphism, blue gradient blob, business summary deck, icon grid slides","16:9 slides: blurred glass rounded panel over color blob background on title slide; content slides use 3-column icon+text grids, semi-circle corner shape, small pill CTA button.","Bold white sans title on glass panel, teal pill CTA label, dark gray sans body.","Light Gray-Blue #DDE3EC, Royal Blue #4A5FE8, Teal #17C3A2, White glass panels","Generic corporate business-summary decks, free-template style pitch presentations",Blob background via filled Circle/Path shapes; glass panel = white rect fill alpha ~0.15 + thin stroke; 3-column Table grid for icon+text blocks; helper function for rounded pill buttons.,563dfbd95e3df2dd906347d58b137570.jpg
116,Indigo Gradient Pitch Deck,Presentation,"pitch deck, business proposal, dark cover, gradient blob, sales deck, tablet mockup","16:9 slides; dark charcoal cover with a diagonal indigo-violet gradient blob behind a full-bleed photo, interior slides use 2-3 column grids with circular photo crops, icon-and-label rows, and horizontal bar/line charts.","Bold Helvetica Neue Bold titles ~36-44pt, light sans body 11-12pt, small uppercase tracked eyebrow labels above headlines.","#2B2B33 charcoal background, #5B5FEF-#7B7FF0 indigo-violet gradient accent, #FFFFFF cards/text, #1F2937 dark UI blocks","corporate pitch decks, investor and sales presentations",Landscape Platypus BaseDocTemplate (11x8.5in) per slide; draw the diagonal gradient blob with stacked canvas.circle fills or a manual gradient rect clipped with canvas.beginPath/clip; stat cards as roundRect-backed Tables; HRFlowable for thin section dividers.,069890f63a76250c7761c8c59471eb9e.jpg
117,Magenta Pulse Corporate Deck,Presentation,"pitch deck, corporate presentation, magenta navy, charts, SWOT, timeline","16:9 slide grid unified by a signature curved pink connector line threading photo blocks into content panels; numbered section markers (01-05) recur, and data slides use donut/bar charts plus Gantt-style timeline bars.",Bold condensed uppercase sans headlines in magenta or white on navy; light sans body in dark gray on beige panels; oversized outline numeric slide tags.,"#16233A navy (dominant), #E8265B magenta/pink (accent), #E7E2DA warm beige (panel fill), #FFFFFF white, #1A1A1A text","Investor/board pitch decks, agency corporate presentations, quarterly business reviews.","Reproduce per-slide as landscape (11x8.5in) Canvas pages; render the curved connector via canvas.bezier or a composited PNG overlay, donut charts with reportlab.graphics.charts.piecharts.Pie sized for a ring look, and Gantt bars as a Table with colored TableStyle BACKGROUND spans per row.",65103d835e5cc7b2a67919eb8eb9d6ee.jpg
118,Midnight Hook Slide,Presentation,"carousel hook, dark mode, minimalist quote, lime accent, founder content",Portrait ~4:5 full-bleed black page; two-line mixed-weight headline sits left-aligned at roughly 40% down; below it a filled accent dot anchors a thin horizontal rule running to the right bleed edge; sparse scattered dot texture across the field for depth.,"Geometric sans headline (Poppins/Century Gothic Bold + Regular mixed in one line) ~44-54pt, tight leading, no body copy.","#0A0A0A background, #FFFFFF headline text, #C6F135 lime accent dot/highlight","Instagram/LinkedIn carousel opening slide, quote-card lead magnet, hook page for a slide-deck PDF.",canvas.setFillColor black + rect full-bleed; drawString twice with Helvetica and Helvetica-Bold fonts on the same baseline for mixed weight; canvas.circle filled lime for the dot then canvas.line to bleed edge for the rule; scatter small white dots via a loop of canvas.circle(radius=0.5) at random coords for the star texture.,16f18970605bd1924b68053387fd4383.jpg
119,Minimal Olive Corporate Deck,Presentation,"business slides, minimal, olive green, bar chart, team headshots, architecture photography","Clean white-background slides with a left-aligned bold headline and thin body column; right side alternates photo, olive stat bars, or numbered vertical stripe columns, with a consistent thin rule under each headline.","Bold sans headline 28-34pt black, medium 'Our X' label, light gray body 9pt, small numeric bar labels.","#3E5C3E olive/forest green (accent/bars), #1A1A1A black (headline text), #FFFFFF white (background), #F5F5F5 light gray (panel)","consulting/company overview decks, service pages, team intro slides",Landscape Platypus layout with left text Frame (40%) and right image/chart Frame (60%); reportlab.graphics.charts.barcharts.VerticalBarChart with olive fillColor; HRFlowable thin black rule below each headline; circular headshots via canvas clip Path; Helvetica Neue Bold/Regular pairing.,dce901df9cba275c28c3a8b77300c636.jpg
120,Navy Architecture Business Deck,Presentation,"business presentation, corporate deck, SWOT, pricing table, architecture photography","16:9 slides on a warm-gray backdrop; cover uses a diagonal-split navy/cream frame with a full-bleed architecture photo, interior slides use navy color-block sidebars/footers paired with cream content areas, icon rows, donut/bar charts, and 3-tier pricing cards.","Bold Helvetica Neue Bold headlines ~28-32pt in navy, cream/white labels reversed out of navy blocks, small 9pt sans body text.","#1B2A4A navy, #EDE6D6 cream, #FFFFFF white, #C9BFA8 taupe accent","corporate business presentations, agency/consulting decks, quarterly reviews",Landscape BaseDocTemplate with a reusable navy-sidebar PageTemplate (Frame offset from a solid navy canvas.rect band); pricing cards as a 3-column Table with rounded-box TableStyle and navy header row; charts via reportlab.graphics.charts recolored navy/cream/taupe.,ce9b764ca70a974be49ea0983f3d336e.jpg
121,Netflix-Style Dark Pitch Deck,Presentation,"streaming UI parody, dark pitch deck, playful branded presentation, case study deck","16:9 slide grid parodying a streaming app UI — title slide with logo, bold title, red Play/My List buttons; content slides mimic browse grids, profile pickers, episode lists, and a progress-bar quiz screen",Heavy condensed bold sans titles; small UI-style labels; numbered content blocks,"Black #0A0A0A, brand red #E50914, white, per-slide accent blues/purples",Creative/playful pitch deck or marketing case-study presentation using a recognizable streaming-UI format,Full-page black background rect; red rounded CTA buttons via canvas.roundRect; UI-card grid via Table of Image+Paragraph cells; progress bar via a thin rect with partial-width fill proportional to a value,d390c9c31fd5d74b9dc0747a992241e4.jpg
122,Olive Serif Skincare Pitch Deck,Presentation,"pitch deck, skincare brand, olive khaki, serif small caps, product features, comparison table","16:9 slides on olive background: cover with bold two-line serif title + product photo, TOC as 2-col serif list, problem/solution split image+text slides, 3-card feature grid, 4-col competitive comparison table, closing split thank-you slide","Elegant small-caps serif display headlines, thin sans body, serif small-caps table headers","Olive/khaki #5C5A2E, cream #EDE7D9, dark brown-black #2A2410, muted gold #B08D3E",beauty/wellness/product pitch decks,Olive background via full-slide canvas.rect fill; small-caps serif via registered serif TTF with text.upper() styling; comparison table via Table/TableStyle with olive header row and cream body rows; 3-card feature grid via nested Table of Tables.,d240514f36b1fb37938ba46fdd09dde8.jpg
123,Orange-Navy Wave Business Slide Grid,Presentation,"pitch deck, business slides, wave divider, stat badge, investor presentation grid",16:9 slide grid; each slide uses an asymmetric wave/blob divider splitting a photo half from a color-block text half; dot/dash accent lines; circular stat badges overlapping the bottom-left edge,Bold all-caps sans headline ('BUSINESS'); light sans subtitle; small numbered/percentage stat callouts inside circle badges,"Coral/orange #F4623A, navy #16305C, cream/ivory #FDF3E7, white","Corporate/investor pitch deck PDF export, sales presentation","Wave divider via canvas bezier curve fill; circular stat badge via canvas.circle with centered bold number; two-color half-slide via split rects; one PageTemplate variant per slide type (photo-left, text-right, stat-heavy)",4abbaaf792a8702e537d57a19704b874.jpg
124,Pastel Cross-Grid Slides,Presentation,"google slides template, free deck, pastel pink, geometric crosshair rule lines, portrait photography","Title slide has thin black crosshair rule lines and an offset coral rectangle behind a serif headline; content slides repeat corner rule-lines with small coral tab accents, number badges, and portrait photos on a blush background.","Bold serif headline 34-44pt black, sans body 10pt black/gray, small tracked vertical sidebar label.","#F7DCD7 blush pink (background), #F2907C coral (accent block/badges), #111111 black (lines/text), #FFFFFF white (card fill)","personal/creative presentations, workshop decks, lightweight brand pitches","Landscape Frame with a repeating onPage callback drawing thin black canvas.line crosshairs at fixed corner coordinates; coral Rect offset behind headline Paragraph; number badges as small Table cells with coral BOX borders; Helvetica Neue Bold headline, Helvetica Neue Light body.",3d72cfe06caf541c01d22b2067c1b574.jpg
125,Presentation Genius Dark Dashboard Deck,Presentation,"product mockup, dark slide deck, infographic thumbnails, gold accent charts","Marketing mockup (glass block on concrete) showing 8 stacked 16:9 slide thumbnails in a 2x4 grid, each following the same template: icon or chart block top, 3-4 thin content rules below, consistent navy card frame; a script logotype overlays the stack.",Slide content uses small sans micro-labels only (illustrative at thumbnail scale); overlay logotype is a bold cursive script.,"#1C2733 navy slide background, #C68A4E copper/gold accent, #F2EFE9 off-white mockup backdrop","Investor/pitch deck template family, KPI dashboard slide sets, portfolio of infographic slide covers.","Reproduce the underlying slide (not the mockup) as a landscape Platypus page: dark navy background rect drawn in onPage, a gold-accented icon or Table-based bar/donut chart top-left, HRFlowable thin gold-tinted rules simulating the content lines, small-caps Paragraph labels beneath each rule.",f09e061158dc6299e355a1c06c5e2d07.jpg
126,Radial Icon Business Challenges Slide,Presentation,"process diagram, icon circles, business challenges, org-chart slide, colored badges","16:9 single slide: centered title, red rectangular header box, 5 vertical connector lines dropping to 5 distinct-colored circular icon badges, label + 2-line caption under each","Medium sans slide title, bold white caps label inside header box, bold sans icon captions, small gray caption text","Red #C0392B, orange #E67E22, teal #16A085, slate gray #34495E, brick red #A94442, white #FFFFFF",business-challenge/cause-and-effect presentation slides,Drawing with 5 evenly spaced Circle shapes (reportlab.graphics.shapes) each a distinct hex fill; connector Lines drawn in a loop from a central header Rect; icon glyphs as small Images centered in circles; captions in a 5-column Table beneath.,8b9a89df78dcc75f57bf858a0eb13fc5.jpg
127,Retro Checker Product-Launch Deck,Presentation,"product launch presentation, retro checkerboard pattern, milkshake pink olive, badge stamp, timeline ribbon","16:9 slides with checkerboard-pattern corner accents, rounded label pill top, large product photography, circular stamp/badge callout, ribbon-banner timeline strip.","Bold script accent headline mixed with sans, cream label pills, playful rounded sans body.","Magenta #E0387A, Olive Green #4B5A3A, Cream #F2E9D8, Orange #E8792E","Food/beverage product launch decks, playful consumer brand presentations",Checker pattern via alternating-color small-cell Table; circular stamp badge via Circle + straight (non-curved) label text; rounded-corner pill label rect; ribbon timeline via Polygon banner shapes.,cc0100e32c9d8c6973ed8331a40beff7.jpg
128,Split-Photo Ecourse Slide Deck,Presentation,"ecourse slides, keynote template, lesson badges, split layout, coaching deck","16:9 slides in a consistent split layout — half-width photo block, half-width white/black text block with bold slide title + bullet list; circular lesson-number badge top-left; 4 alternate cover options; module/resource slides use icon grid and pie chart","Bold sans slide titles, small sans bullet body, white-on-black numeral badges","Black #111111, white #FFFFFF, cool gray-lavender #A9AFC3, muted photography","online course/ecourse slide decks, coaching workbooks",50/50 split Frame per slide via PageTemplate; lesson badge as a Circle Drawing with centered white numeral; pie chart via reportlab.graphics.charts.piecharts.Pie; module-flow diagram via connected roundRect boxes with arrow Line connectors.,b90205413403dc141141a8b138c6b65a.jpg
129,Teal Hexagon Corporate Deck,Presentation,"free PPT template, teal geometric deck, hexagon photo crop, part divider slides, donut stats","Title slide with an angled dark-teal diagonal band, hexagon-cropped photo cluster and right-aligned wordmark; content slides run in a 3-column thumbnail grid mixing diagonal part-divider slides, icon/data slides (donut percentages, timelines, hex diagrams, bar-style mountain chart) and a closing thanks slide.","Bold caps title with a thin underline accent, small-caps 'Add title text' placeholder labels, teal/green accent dot bullet markers.","#0B3B4A dark teal, #1E8A96 medium teal, #8DC63F lime green accent, #FFFFFF white, #F0F0F0 light grey","Corporate/consulting presentation templates, quarterly business review decks",Custom widescreen pagesize (13.33in x 7.5in) per slide-page; diagonal band via a canvas polygon fill in the onPage callback; hexagon photo crop via a Polygon clip path or pre-cropped PNG; donut percentages via Pie charts with a centered percentage Paragraph; reuse one 'Part divider' PageTemplate for all four part-break slides.,e2b5c88a29bae3d63c8b69edb19925c4.jpg
130,Teal Split-Block Business Presentation,Presentation,"pitch deck, teal color block, alternating split layout, agenda numbering, icon bullet list, bar chart slide","Landscape 16:9 deck (title + 20+ content slides) built on a consistent split — a solid teal color-block on ~40% of the slide alternating left/right, paired with a white content zone for headlines, numbered agenda lists, icon bullets, team photo grids, step timelines, or a bar-chart data slide; a small tag pill marks each slide corner.",Clean geometric sans headlines (Montserrat/Poppins SemiBold) white-on-teal or dark-on-white; tracked sans eyebrow labels; light sans body copy.,"#1F5F52 to #0C332C teal gradient block, #FFFFFF content bg, #7FCBB5 mint accent chip, #1A1A1A text","Corporate/creative agency pitch decks, capability presentations, portfolio decks.",Landscape PageTemplate with two Frames (color-block Frame + content Frame); toggle which side is colored per page by filling a canvas.rect in onPage; render the numbered agenda as a Table with circular numeral cells (TableStyle ROUNDEDCORNERS + backColor); embed a simple VerticalBarChart Drawing for the data slide.,326c42dcaf8c2bb7c81a501325ef867f.jpg
131,Teal Stripe Startup Pitch Deck,Presentation,"startup pitch deck, Google Slides template, teal stripe pattern, pricing table, mockup device slides, Gantt schedule","16:9 slides with a consistent diagonal teal-stripe corner motif; mixed content types — team cards, 3-column pricing table, portfolio image grid, device mockups, map/data slide, Gantt schedule table.","Bold dark-navy sans headline, teal section subhead, gray sans body.","Teal #1B9E8F, White #FFFFFF, Dark Navy #1A2B3C, Orange accent #E8792E","Startup/VC pitch decks needing a broad slide-type library (pricing, team, roadmap, portfolio)",Diagonal stripe corner motif as a pre-rendered PNG tile placed per page via onPage callback; 3-column pricing Table with emphasized center column fill; Gantt schedule via TableStyle with colored spanning cells per period.,e931c1df9704999f31301cf81f890767.jpg
132,Timmerman HR Report Deck,Presentation,"HR report, performance management, black white photo banner, Canva template, corporate report","16:9 cover with a full-bleed photo band across the top two-thirds and a black title bar along the bottom third; inner slides alternate plain white panels framed by thin black rules with corner '+' crop marks, and marble-texture panels for text-only slides.",Bold condensed uppercase sans headlines (24-32pt) in black or white; small tracked-out uppercase eyebrow labels; regular sans body at 9-10pt.,"#111111 black, #FFFFFF white, #F2F0EC warm off-white/marble, #4A4A4A gray accent","HR/operations report presentations, internal performance reviews, company all-hands decks.","Landscape Platypus Frame with a top masked Image flowable for the photo band, thin 0.5pt black Table borders to recreate the frame motif, and corner '+' marks drawn as canvas.line pairs at fixed offsets inside an onPage() callback so they repeat automatically.",921200681dc69b279ff95fa110f13139.jpg
133,Verdant Slash Brand Guidelines Deck,Presentation,"brand guidelines, style guide, logo usage, color palette, typography spec, brand book","16:9 landscape brand-book grid; dark cover with a diagonal logo-mark watermark, inner pages split roughly 40/60 into a solid-color label block and a white content field, with dedicated spec pages for logo clearspace, color swatches with hex/RGB, type specimens, and mockups (business card, letterhead, t-shirt).",Bold geometric sans section titles (28-40pt) in lime green or black; primary/secondary typeface specimens shown as full ABCD alphabet grids; small mono/sans labels for hex codes.,"#63F069 lime green (brand primary), #001522 near-black navy (brand secondary), #FFFFFF white, with on-page hex/RGB swatch labels","Brand identity guideline decks, style-guide PDFs, agency brand-delivery packages.","Repeating two-column Platypus Frame (color block + white block) driven by one page-template function; the color-swatch page is a Table with per-cell TableStyle BACKGROUND colors and hex/RGB text overlaid via FONTSIZE/TEXTCOLOR; mockup illustrations (card, envelope, tee) are supplied as pre-rendered PNG Image flowables.",e6de0cc8ba563cfa61d36dc515c16c60.jpg
134,Violet Fluid Company Profile Deck,Presentation,"company profile PPT, purple gradient, fluid 3D blob, startup pitch, KPI badges",16:9 slide grid: consistent top nav with browser-dot icons; left-aligned bold headline + short body + small black KPI pill badges; right-side abstract 3D fluid purple blob graphic or device mockup; CEO/team slide with circular photo cluster,"Bold modern sans headline (32-40pt), thin sans body, small bold KPI numerals in black pill badges","Deep violet #4A2B8C, vivid purple #7B3FE4, lavender #C9A9F5, white #FFFFFF, black UI chrome #1A1A1A",startup/SaaS company-profile pitch decks,Landscape Frame per slide via PageTemplate; abstract blob via reportlab.graphics.shapes.Path with smoothed bezier curves and stacked translucent fills to fake gradient; KPI pill badges via roundRect + Paragraph; reusable slide-master function drawing nav bar/footer on every canvas.showPage.,694b2a6a70e2d995490104f37bd91c14.jpg
135,Warm Neutral Marketing Research Deck,Presentation,"marketing research presentation, espresso brown cream palette, minimal photography, KPI blocks, timeline slide",16:9 slides: split half-photo/half-color-block cover; rounded-corner cards throughout; alternating dark-brown and white slide backgrounds; dotted timeline slide; KPI cell blocks.,"Bold uppercase sans headline, small caps date/label pill, thin body sans.","Espresso Brown #2B211C, Cream #F5F0E8, Terracotta #B5622C, White #FFFFFF","Marketing/brand research presentations, agency portfolio decks with warm minimal aesthetic",Rounded-corner card Frame via roundRect background; split-cover Frame (50/50 photo+color); alternating page background colors per PageTemplate; dotted timeline via canvas.setDash + Circle markers.,c066b3df6f59b501e759885d81e0acdf.jpg
136,Black Pill-Badge Proposal,Proposal,"graphic design proposal, PandaDoc, black background, pill badge headline, color block sender/client cards","Full-bleed black cover with four oversized pill-shaped headline words stacked vertically over two side-by-side color-block sender/client cards; interior pages keep black bg with a white icon+heading top-left and content grids (team photo, portfolio, fee table).","Ultra-bold rounded sans 60-80pt inside pill badges, tracked small-caps labels 8pt, body sans 10pt white-on-black.","#0A0A0A black (background), #E7E4E0 off-white (pill fill), #C8A2F0 lavender (sender accent), #F0562E orange-red (client accent)","creative agency proposals, design service pitches, modern PandaDoc-style proposals","canvas full-page black background rect; pill headline words as a custom Flowable drawing canvas.roundRect behind Paragraph text; two-column Table with per-cell TableStyle BACKGROUND for the sender/client color blocks; fee table as a Table with white gridlines on black; Helvetica Neue Bold headline, Helvetica Neue labels.",5758c7cc0aa0c3621a21ec3f7eb24b55.jpg
137,Creativity Red Project Proposal,Proposal,"project proposal, agency proposal, red white grid, budget table, timeline, cost estimate","20-page A4 portrait proposal: cover uses a diagonal red corner-cut over a full-bleed photo, interior pages carry a consistent red header band or sidebar strip, content runs single- or two-column with red-outlined icon circles, and budget/cost pages use a red-header data Table.",Bold condensed sans headlines (18-24pt) in black or white on red with a thin red underline rule; 9pt sans body in dark gray; numbered red circle badges for process steps.,"#D0342C red (primary/brand), #2B2B2B charcoal, #F4F4F4 light gray, #FFFFFF white","Creative/marketing agency project proposals, RFP responses, client-facing scope-and-budget documents.",Master Platypus page template with a red sidebar Frame drawn via a canvas rect in onPage(); section headers pair Paragraph with HRFlowable(color=red); the budget table is a Table with header row BACKGROUND='#D0342C'/TEXTCOLOR=white and alternating row shading; numbered-step circles are built with canvas.circle plus centered Helvetica-Neue-Bold numerals.,a511fad6d81251179fe60bdf9a6fb92e.jpg
138,Hex-Pattern Yellow Proposal Brochure,Proposal,"bold yellow proposal, hexagon pattern, creative agency brochure, duotone photo, corporate deck cover","Portrait cover: yellow field with hex-dot texture top-right, two-line stacked display title bottom-left, contact footer. Inner spreads: unequal two-column (white text page + yellow photo page), 2x2 icon service cards, team headshot grid, pricing/budget table page.","Large bold condensed sans display title (mixed weight, 'Creative' light / 'Proposal' heavy), small tracked caps labels, plain sans body 9-10pt.","Yellow #F2B705, Black #1A1A1A, White #FFFFFF, Gray photo duotone #4D4D4D","Agency/creative service proposals, pitch decks needing a punchy brand-color cover","Two-column Frame per spread; Table (2x2, yellow fill cells, 0 padding) for service icon cards; hex-dot texture as a tiled PNG background via canvas.drawImage; HRFlowable thin rule under section headers; rounded-corner Image insets via PIL mask before placement.",013ea8e168d2e517ca98dcf112bcf430.jpg
139,Inara Modular-Block Proposal Booklet,Proposal,"InDesign proposal, geometric color-block grid, team bio grid, process timeline, minimal serif logotype","Portrait 24-page proposal booklet shown as cover and spreads; a modular grid of solid tan/grey/charcoal rectangles forms the background field, with interior spreads using 2- or 4-up columns, thin black hairline rules, small square photo crops, a circular headshot bio grid, and a numbered dot-and-line process timeline.",Bold modern serif/slab lowercase logotype ('inara'); thin tracked all-caps sans section labels; clean sans body copy; small-caps sans captions under headshots.,"#D9C7B8 tan block, #A6A6A6 grey block, #4D4D4D charcoal block, #FAF9F6 page bg, #1A1A1A text/rules","Design/creative-studio proposals, agency capability decks, client pitch booklets.","BaseDocTemplate with multiple named PageTemplates (cover, bio-spread, timeline-spread) each drawing its own color-block Rects in onPage; HRFlowable(color=black, thickness=0.5) under headers; team grid as a borderless Table with circular-masked Image cells + Paragraph name/title; timeline as a Drawing flowable with a horizontal Line and evenly spaced Circle markers plus Paragraph labels.",588580806e8ce333450a08e64cbdf7a2.jpg
140,Indigo Gradient Business Proposal Deck,Proposal,"business proposal, pitch deck, gradient sidebar cover, staff bio grid, TOC category bands","Cover splits into a 1/3 gradient panel (title + 'Prepared for' meta) and 2/3 blank white panel; interior pages use numbered 01/02/03 icon-badge sections with photo cards, a 3-column staff bio grid, and a TOC with colored category header bands",Bold modern sans headline; medium-weight section subheads; small sans meta labels; numbered TOC list,"Indigo/blue gradient #2A3FD6 to #6E7FFF, white, near-black #101010, light grey #F4F5F7","Business/brand proposal, pitch or RFP document","Cover split via two Frames (1/3 gradient + 2/3 white) on one page, gradient via stepped rect fills; staff grid via 3-col Table with Image+Paragraph stacked per cell; TOC category bands as colored header rows in a Table",aa6f87c863e6f65f496611fe8b457b5c.jpg
141,Navy Lime Consulting Proposal,Proposal,"project proposal, navy lime accent, pricing cards, Gantt timeline, signature acceptance page","Cover: navy lower two-thirds + white upper third with lime accent tab and duotone photo block; interior: navy 'Hello Welcome' spread with circular exec photo, white TOC with leader-dot page numbers, 2-card pricing offer page, Gantt-style project timeline with lime progress bars, signature acceptance table","Bold modern sans title, lime accent underline rule, small sans body, bold numerals for pricing figures","Dark navy #1B3A4B, lime/chartreuse #A8D93C, white #FFFFFF, light gray body #F5F5F5",agency/consulting project proposals with pricing and timeline pages,Price cards via 2-col Table alternating navy/lime cell BACKGROUND; Gantt timeline via manual canvas.rect loops positioned per week; leader-dot TOC via Table with dotted TableStyle LINEBELOW; signature block via Table with underline rows (LINEBELOW).,d897448a99be638610e98099b4f22482.jpg
142,Retro Red Editorial Proposal Deck,Proposal,"design studio proposal, editorial pitch deck, condensed display type, roman numeral process steps, interior design capability deck",16:9 slides with oversized condensed display type bleeding off page edges; roman-numeral 3-step process cards with icon/photo; timeline strip of small thumbnail photos across the bottom; simple line-chart data slide; thin rule under section headers,"Heavy condensed slab/grotesque display (oversized, edge-cropped for impact); small sans body; roman numeral labels (I/II/III); uppercase tracked eyebrow tags","Brick red #B8322A, cream/ivory #F2E9D8, dark maroon #3A1410, warm interior photography","Design-studio project proposal, hospitality/interior-design capability deck","Oversized cropped-edge headline via manual canvas.drawString sized larger than the Frame (bypassing Platypus flow, letting text bleed past the frame boundary); 3-step cards via a 3-col Table with roman numeral + icon + caption; thumbnail timeline strip via a Table of small Images with tight padding",df6b8df0e668b1aa18c8f544dbd98b8d.jpg
143,Sage Green Agency Project Proposal,Proposal,"project proposal, agency template, sage green, budget table, QR contact, sidebar layout","Cover duotone green photo + bold 'Hello!' page; consistent interior 2-col spreads: narrow left sidebar (page number, logo, section label) + right content column with green horizontal dividers, numbered budget/timeline tables, circular team-photo cluster, QR contact block","Bold modern sans headline, green accent subheads, clean sans body with generous leading, small-caps section eyebrow labels","Sage/forest green #4F7A68, white #FFFFFF, charcoal #2B2B2B, light gray #F0F0F0","agency/freelance project proposals, statements of work",PageTemplate with fixed-width sidebar Frame + content Frame; HRFlowable(color=sage) as section divider; budget table via Table+TableStyle alternating row shading; QR via reportlab.graphics.barcode.qr.QrCodeWidget; circular team photos via clipping paths in a Table row.,99256735474fc5ab1f867a0f4733aa3d.jpg
144,Slate Blue Corporate Proposal Grid,Proposal,"business proposal, RFP response, numbered content blocks, TOC with leaders, corporate proposal deck","Cover with full-bleed photo + dark blue gradient overlay and bottom-left title/address block; interior white pages with thin top/bottom color bars, numbered 01/02/03 content sections pairing photo thumbnails with headings, TOC list with right-aligned page numbers",Bold sans-serif cover headline; medium-weight blue section headers; small sans body; numbered TOC list,"Deep navy/teal #0F4C5C to #1C6E82 gradient, white, light grey #F0F0F0, blue accent #2C7A96","Business/agency proposal PDF, RFP response document",Cover gradient-overlay via canvas.setFillAlpha over a photo Image; TOC via Table with TableStyle LINEBELOW dotted leader and right-aligned page-number column; top/bottom accent bars drawn in the onPage callback,6bb23a66a21eb0d53505f34823232f84.jpg
145,Slate Diagonal Proposal,Proposal,"business proposal deck, landscape brochure, team bio spread, diagonal color band, agency pitch","Landscape cover with a diagonal cream stripe crossing a slate-blue panel and a two-tone stacked headline; interior spreads use a 2-column grid pairing a duotone photo with bio/team-avatar blocks, and a closing index of 12 thumbnail section tiles mixing photo, chart and text panels.","Condensed bold display headline mixing white and mustard-orange weights, small-caps orange eyebrow label, light sans body for bios and captions.","#4E6E8E slate blue primary, #3E5875 dark slate, #F2A93B mustard/orange accent, #3A3A3A charcoal text, #F5F4F0 cream background","Agency proposals, RFP responses, consulting pitch decks",Landscape pagesize with a canvas-drawn diagonal polygon band on the cover PageTemplate; team grid as a 3-column TableStyle with circular photos via canvas clipping path; orange HRFlowable(1.5pt) under each section header; thumbnail index page built as a Table of scaled Image flowables in a 4x3 grid.,54b100591fb10fe46101f179534507b3.jpg
146,Swiss Minimal Red-Accent Proposal,Proposal,"minimalist proposal, swiss grid, red accent, plus icon, design agency quote, budget breakdown","Single-column portrait with generous margins, thin black top/bottom rule, red '+' bullet markers, red highlight block for client/date info in lower third. Spreads: two-column offer + numbered budget table.","Very large bold sans display 'Proposal' (~60-70pt), small caps address block top, compact 9pt body sans, bold price callouts.","White #FFFFFF, Black #111111, Red #E31E24, Light Gray #EDEDED","Design/branding studio proposals, minimalist consulting quotes",canvas.line for header/footer hairlines; Paragraph with red '+' glyph prefix for callouts; Table with red header row + gray/white price cells for budget breakdown; two-Frame layout for facing spreads.,0d6ec542a9bc6922b7920a0ef0e9380e.jpg
147,Blue Chemical-Industry Digital Report System,Report,"industry whitepaper, digital magazine PDF, data visualization pages, molecule cover graphic, ring chart","iPad-mockup cover with diagonal gradient + 3D molecule render; ~20-page interior grid combining TOC, pull-quote pages, full-bleed photo pages with caption bands, 2-col stat pages with bar charts, icon+text feature lists, donut/ring percentage charts, case-study callouts, and a closing CTA page",Clean grotesque sans throughout; bold section headlines ~28-32pt; large light pull-quotes; small caps eyebrows; extra-bold large data numerals,"Cobalt blue #2E5FD9 to pale blue #DCE8FB gradient, white, dark navy text #12233F","Industry/sector report, digital magazine PDF, data-heavy whitepaper","Build a reusable PageTemplate library (cover, TOC, quote, photo-caption, stat-bar, icon-list, ring-chart, CTA), each a function returning a Frame; bar/ring charts via reportlab.graphics.charts; consistent blue tint-rect backgrounds per onPage; photo caption band as semi-opaque rect over Image bottom edge",b9e34a44f660cead8ad71ee710fd46a7.png
148,Blue Chemical-Industry Digital Report System (alt crop),Report,"industry whitepaper, digital magazine PDF, data visualization pages, molecule cover graphic, ring chart, duplicate crop","Same design system as b9e34a44f660cead8ad71ee710fd46a7.png — iPad-mockup cover with diagonal gradient/molecule render plus the same ~20-page interior grid (TOC, pull-quotes, photo-caption pages, stat-bar pages, icon-list pages, ring charts, case-study, CTA), shown here at a slightly different crop/zoom",Clean grotesque sans; bold section headlines ~28-32pt; large light pull-quotes; small caps eyebrows; extra-bold data numerals,"Cobalt blue #2E5FD9 to pale blue #DCE8FB gradient, white, dark navy text #12233F","Industry/sector report, digital magazine PDF, data-heavy whitepaper","Identical build approach to b9e34a44f660cead8ad71ee710fd46a7.png — reusable PageTemplate library per page type, reportlab.graphics.charts for bar/ring data, tint-rect backgrounds per onPage",f0a300184f8d28e3286d1fc21fd5418a.jpg
149,Bold Yellow Corporate Handbook,Report,"HR handbook, employee policy document, bold yellow black, dot-leader table of contents, corporate brochure",Cover with diagonal yellow/white split; ToC page with dot-leader numbered list; content spreads pairing a text column with a full-bleed photo page and yellow pull-quote highlight blocks; team headshot grid page.,"Bold black sans headline, yellow highlight bar behind subheads, body sans with dot-leader ToC entries.","Golden Yellow #F2B705, Black #1A1A1A, White #FFFFFF, Gray #EDEDED","HR/employee handbooks, internal policy manuals, corporate onboarding docs",Diagonal split cover via Polygon clip; dot-leader ToC via Paragraph with TabStop leader='.'; yellow highlight rect drawn as underlay behind headings; Table grid for team headshots.,9734b1cfba087a66db98535722589551.jpg
150,Community Wellbeing Magazine Report,Report,"annual report, magazine spread, city report, data storytelling, editorial profile","Open-spread layout: chapter opener with a bold circled number over a full-bleed cityscape photo and orange color-block, paired with editorial profile spreads combining full-page portraits, horizontal bar-chart tables, and pull-quote sidebars.","Large bold condensed Helvetica Neue Bold numerals/headlines ~72pt, serif italic accent for names, 9-10pt sans body in narrow columns.","#E8541E burnt orange, #17284A navy, #F5A623 mustard highlight, #FFFFFF page, #2A9D9C teal accent",municipal/nonprofit annual reports and editorial-style social impact publications,Facing Frames on a landscape BaseDocTemplate to simulate a two-page spread; circled chapter number via canvas.circle plus centered text; HorizontalBarChart from reportlab.graphics.charts.barcharts styled in teal/mustard; HRFlowable rules under pull quotes.,e1f933f8a31c7636c9dd318586e80571.jpg
151,Diagonal-Stripe Corporate Annual Report Cover,Report,"annual report cover, bank report, diagonal stripes, bilingual corporate, building photography, diamond confetti","Portrait cover: bilingual logo lockup top, large year numeral mid-page, full-bleed building photo lower two-thirds sliced by white diagonal stripes, scattered diamond shapes for texture.","Serif for CJK characters, condensed sans for English name, oversized numeral for report year in accent red.","White #FFFFFF, Red #C8102E, Salmon-orange gradient #E8967A→#F2C4A0, Dark text #1A1A1A",Bank/financial institution annual or ESG reports needing formal bilingual cover,Diagonal white stripes via rotated Polygon clipping over a full-bleed Image; diamond accents via canvas.rotate(45)+rect; layered z-order with canvas save/restore; bilingual stacked Paragraph header block.,134efb12c558a0fccde0516cff0b93e2.jpg
152,Editorial Single-Column A4 Report,Report,"grid system documentation, single-column report, editorial layout, margin guides, pull quote","A4 portrait grid documentation showing margin/baseline guides beside the finished page: cover has a left-aligned stacked title (grey label, red subtitle, bold black title); body pages pair a narrow marginal-note column with one wide justified text column, footer carries the site URL and page number.","Three-tier hierarchy in a Helvetica-style geometric sans: small grey caps label, red regular/italic subtitle line, bold black title; single-column justified body copy with small marginal annotations.","#FFFFFF white ground, #000000 black text, #E8442C signal red accent, #E5E5E5 light grey placeholder blocks","Editorial/agency style guides, minimalist annual or research reports, grid-system documentation","BaseDocTemplate with two Frames per page — a slim left marginal Frame and a wide body Frame — mirroring the sidebar-note/body-column split; red run inside a Paragraph for the subtitle line; footer via canvas.drawString in an onPage callback for URL and page number; register Helvetica Neue TTF in Light/Regular/Bold, never core Helvetica.",36d0f64d9f07143b10a3d75590200e2a.jpg
153,Government Green Annual Report Cover,Report,"government report cover, public sector annual report, NGO report, vertical year numeral, quarter-circle motif",White header band with left crest/flag logo and right org logo; large bold two-line title with a rotated year running vertically along the right margin; full-bleed architecture photo in the lower two-thirds; layered green quarter-circle shapes bottom-left as a recurring corner motif,Bold rounded-sans display headline ~48pt tight leading; medium sans subtitle; small caps agency name; vertical rotated year numeral,"Forest green #0F6B4C, white, warm wood-tone photography, small tricolor flag accent","Government/public-sector annual report, institutional or NGO report cover",Vertical rotated year via canvas.rotate(90) + drawString; quarter-circle motif via multiple overlapping canvas.wedge calls; header band as a separate Frame with two logo Images aligned left/right via a Table,d91834c80ba01278122eb4e6a2050698.jpg
154,Leaf-Swirl ESG Report Cover,Report,"ESG report cover, sustainability annual report, leaf swirl photo mask, bilingual corporate cover, green gradient","Portrait cover: top bilingual logo/name block, large year + report title mid-page, organic leaf-swirl curved photo frame holding four building/nature images across the bottom two-thirds.","Bold bilingual serif/sans title, small caps stock-code line, large numeral for report year.","Emerald Green #1E7A46, Sky Blue gradient #A8D8F0, White #FFFFFF, Dark text #1A1A1A",ESG/sustainability annual report covers for listed companies,Organic leaf-swirl photo masks require a PIL-generated bezier clip path composited then placed as an Image; sky gradient background via canvas linearGradient; bilingual stacked Paragraph header block.,e3f6abb7b1bf8398566fa00db37c6aa0.jpg
155,Letterform Photo-Mosaic School Report,Report,"annual report, school report, letterform mask, photo collage, impact stats","Cover: oversized single letter mascot silhouette filled with photo collage on white; interior spreads: full-color photo bleeding across the spread with a small inset photo-mosaic block containing a bold % stat, narrow caption column, closing financial spread with bar-style budget list","Bold condensed sans headline caps, small sans caption blocks, huge bold stat numerals overlaid on photos","White #FFFFFF, forest green #1F5C3F, gold/yellow #F2B705, black #111111, full-color photography","school/nonprofit annual reports, photo-driven impact reports",Letter-shaped photo mask via an imported/traced SVG clipping Path; full-bleed spread Images spanning verso/recto Frames with semi-opaque stat block rect (canvas alpha) over the photo; budget list as right-aligned Table with a green highlight row.,a728de0948a853da4ba73a2bac1cf02d.jpg
156,Mustard Sectioned Company Profile,Report,"company profile, mustard yellow, scallop quarter-circle motif, culture and values report, stat pages",Bifold spreads alternating pale-cream stat/list pages with mustard-gradient title pages carrying oversized two-line bold headline bottom-left and quarter-circle scallop shapes top-right as recurring decorative motif; photo insets on culture/history pages,"Heavy grotesque bold headline (36-44pt, two lines, tight leading); light sans body 8-9pt; small uppercase eyebrow labels","Mustard/gold #E8A93C to pale yellow #F3D98B gradient, off-white #F5F3EC, near-black #1A1A1A headings, charcoal body","Company profile PDF, culture/values report, pitch-deck-style corporate brochure",Gradient page bg via stepped rect fills or PIL-generated gradient image; scallop/quarter-circle shapes via canvas.wedge; separate onPage callbacks per PageTemplate for pale vs mustard pages; large title Paragraph leading=0.9*fontsize,325b416f3859cfd307de360db69c4f81.jpg
157,Navy Blue Annual Report Deck,Report,"annual report, corporate performance report, TOC with dotted leaders, team grid, stat bars","Bifold spreads; cover has a circular photo cutout with a color wave underline and stacked bold title; interior TOC with numbered circle chips, color-block header bands, 2-column body, icon-bulleted stat/percentage bars, team-photo grid",Bold sans display headers; numbered TOC list with leader dots; small caps section labels; bold data callouts,"Navy #16375C to teal #1D7A9C gradient, white, light grey #EDEDED, black text","Annual report, corporate performance report PDF",TOC as 2-col Table (label+number) with dotted LINEBELOW; header band as colored rect drawn in onPage before Frame content; horizontal bar data via reportlab.graphics.charts.barcharts.HorizontalBarChart; circular photo crop via clipping path,76f44deff7465691a4b5dbe76f3be302.jpg
158,Navy Circle-Motif School Annual Report,Report,"school annual report, nonprofit report, circle motif, donut chart, faculty photo grid","Cover uses a large offset circular photo crop with a navy quarter-circle overlay and shield logo; interior includes TOC/quote pages with oversized quote marks, donut-chart stat pages, faculty photo-grid pages, and a recurring circular corner motif",Bold large sans display title; serif-like quote-mark accent; small caps stat labels; medium sans body,"Navy #1E3A6E to cornflower #4A7FD6, white, light grey #EEF1F5","School, university, or nonprofit annual report",Circular crop via clipping path; donut/ring charts via reportlab.graphics.charts.piecharts.Pie with innerRadius set for a ring; recurring corner circle motif drawn once per onPage callback for brand consistency,b09ad0203be2155b045d541b84d8417c.jpg
159,Navy Corporate Annual Report,Report,"annual report, insurance, corporate, navy blue, infographic charts, cover set, 22-page spreads","Cover uses radial-gradient navy background with large bold headline block; interior spreads alternate full-navy sections and white content panels in 2- and 3-column grids with photo blocks, donut/bar charts, a world map infographic, numbered icon lists, and headshot grids.","Bold sans display headline 36-54pt with a mint accent word, small-caps section eyebrows, and light/gray body sans at 9-10pt on navy or white.","#1B2A6B navy (primary/background), #4FD1A5 mint (accent/highlight), #FFFFFF white (content bg), #F2F3F6 light gray (panel), #B9BEC7 chart gray (data)","insurance/financial annual reports, corporate brochures, investor decks","BaseDocTemplate with alternating full-bleed navy canvas.Rect band vs white Frame page templates; cover radial gradient simulated with layered translucent canvas.circle draws; donut/bar charts via reportlab.graphics.charts (Pie, VerticalBarChart); stat rows via TableStyle with mint LINEBELOW and HRFlowable dividers under section headers; Helvetica Neue Bold headlines, Helvetica Neue Light body.",31f60fbbdb82b6f8c381b2e1b71374c1.jpg
160,Olive & Espresso NGO Activity Report Deck,Report,"annual report, NGO impact report, KPI cards, colored tag pills, testimonial card, 16:9 slide grid","Multi-page 16:9 report deck alternating cream and dark-espresso backgrounds: cover with stacked title + colorful keyword pills; content pages use icon+stat cards, 3-column photo/action cards, oversized percentage KPI blocks with colored label tags, and pull-quote testimonial panels; consistent 'n/10' footer.",Bold condensed all-caps sans display title (2-3 line stack); heavy sans section headers; rounded sans body; oversized bold numerals for KPI stats.,"#AEB93E olive-green bg, #2E1F19 espresso-brown panel, #F5F1E4 cream card, #F0728A coral tag, #F2E14D yellow tag, #5CB6E8 sky-blue tag","Nonprofit/association annual activity reports, impact reports, program summary decks.","Define per-archetype Platypus PageTemplates (cover, stat-grid, testimonial) each with its own Frame set; render color tag pills as small rounded Table cells with per-cell backColor; build KPI blocks as a 2-col Table (big Paragraph number + label) using TableStyle ROUNDEDCORNERS; draw the 'n/10' page counter in an onPage callback.",fcbfd049406cecfec89770235c89cb2a.jpg
161,Photo-Mosaic Silhouette Annual Report Cover,Report,"annual report cover, photo mosaic, silhouette, institute report, minimal white","Minimal white cover: centered logo lockup in top third; below, two facing head silhouettes filled with a 4-column x 8-row grid of full-bleed photographic tiles reaching the page edge","Small-caps serif eyebrow line, sans-serif report title and year, navy logotype","White #FFFFFF, deep navy logo text #1F3864, multicolor photo mosaic tiles (varied)","nonprofit/institute annual reports, conceptual photo-mosaic covers",Pre-composite the mosaic-in-silhouette in an image editor and place as one full-bleed Image (simplest); or build a clipping Path (reportlab.graphics.shapes) matching the silhouette and tile Image flowables inside it programmatically; keep title block on a plain white Frame above.,398fe6e829608e43e402f77153e39c97.jpg
162,Purple-Teal KPI Dashboard Report,Report,"KPI dashboard, analytics report, data visualization, business intelligence, chart grid","Portrait pages, one dashboard per page, each with a bold title bar and a 2x2 grid of chart panels (donut, gauge, bar, line, status-count icons) in thin gray-bordered cards on white, with a soft teal blob accent on the cover.","Bold Helvetica Neue Bold dashboard titles ~20-22pt in deep purple, small sans chart labels 7-8pt, large bold teal/purple numeric callouts.","#4A2E8C deep purple, #1FA5A0 teal, #FFFFFF white cards, #F2F2F2 light gray border, #E86A9C pink accent","internal KPI/ops reports, SaaS analytics reports, board/exec dashboard summaries","Each dashboard page as a 2x2 grid of Table cells, each holding a reportlab.graphics.charts object (Pie for donut/gauge, VerticalBarChart, HorizontalLineChart); TableStyle with 0.5pt light-gray box borders; recolor slices/bars to purple/teal/pink via chart.slices[i].fillColor.",f23ab81f32ef789d7ae96ae4cecbcfc3.jpg
163,Red Accent Corporate Annual Report,Report,"corporate brochure, annual report, red accent, TOC with QR, team grid, timeline","A4 portrait spreads alternating a full red-block or photo left page with a white right page carrying red circular icon bullets; includes a TOC with a red QR box, a 3-across circular-photo team grid, a red horizontal timeline band, and a two-column case-study spread.","Bold black sans section titles, small red small-caps eyebrow labels, numbered red icon bullets, light sans two-column justified body.","#D32029 brand red, #FFFFFF white, #F2F2F2 light grey panel, #2B2B2B charcoal text","Corporate annual reports, company profile brochures, investor decks",Alternate two PageTemplates (image-left/text-right and text-left/image-right) driven by a spread counter; TOC as a Table with red leader-dot rows and right-aligned page numbers; icon bullets as small Drawing(Circle) placed in a Table cell before each Paragraph; 2pt red HRFlowable under headers; team grid as a 3-column Table with circularly-clipped Image cells.,600a0c4ab28aa0df6b8ba70363ff9e64.jpg
164,Royal Navy CSR Impact Report,Report,"CSR report, sustainability report, navy blue, dot texture cover, KPI donut charts, impact highlights","Cover: full navy with subtle dot-grid texture, centered white title + large year numeral, small footer logo; spreads: navy sidebar or full-bleed photo left page, white 2-col body right page, KPI stat rows with donut chart, bar-chart footer band, world map outlook page","Light-weight sans headline in white/navy, bold colored subheads, small 9-10pt sans body, large bold stat numerals","Royal navy #1B2A6B, white #FFFFFF, sky blue accent #4A8FD1, light gray #E7EAF0, data-viz teal #2FA6A6",corporate ESG/CSR and sustainability annual reports,Dot-grid cover via looped small Circle draws in canvas; donut chart via reportlab.graphics.charts.piecharts.Pie with innerRadiusFraction; bar chart via VerticalBarChart; TOC as 2-col Table with right-aligned page numbers; KPI row as 4-col Table with bold numeral ParagraphStyle.,5c20eb5eebfe2c2080590abd3b5f8854.jpg
165,Spark Creative Annual Report,Report,"annual report, corporate red, two-page spreads, SWOT, financial tables, timeline","A4 landscape facing-page spreads with a consistent 2-column grid; each spread opens with a red diagonal-cropped photo panel in one corner, section title top-left, body/stat blocks fill the remaining columns, gray page-number footer band on every page.","Bold condensed sans section titles (Montserrat/Poppins Bold) 22-28pt, sans body 9-10pt, small tracked-caps labels for footers and table headers.","#E4372B primary red, #FFFFFF page white, #1A1A1A body text, #F2F2F2 panel gray, #22262B dark accent","Corporate/agency annual reports, company profile decks, business proposal packs.","BaseDocTemplate with a PageTemplate defining two side-by-side Frames per spread; onPage callback draws the red diagonal polygon behind an Image via canvas.beginPath/lineTo/clip; stat grids and SWOT quadrant built as nested Table objects with red-header TableStyle (BACKGROUND, TEXTCOLOR, GRID); HRFlowable thin red rule under each H2 Paragraph.",3f98d09d2575d7ebb629e34796bcb6d9.jpg
166,Black & Yellow Personal Portfolio Deck,Resume/CV,"personal portfolio, resume deck, sidebar navigation, photographer designer self-promo, 16:9 slide resume",16:9 slide pages with fixed left sidebar (~20% width: circular photo + yellow vertical nav list) and right content area with oversized bold display headline plus grid of portfolio thumbnails; vertical icon rail on far right edge,Ultra-bold condensed impact-style display sans for names/section titles; small bold uppercase nav labels; minimal body copy,"Mustard yellow #F5A623/#F2B84B, charcoal/near-black #1E1E1E, light grey #E8E8E8, white","Personal resume/portfolio PDF, photographer or designer self-promo deck",Sidebar via Table with fixed narrow first column and yellow rect background; circular headshot via canvas clip path + drawImage; portfolio grid via Table of Image flowables with 8pt cell padding; icon rail as vertical Table of small icon Images,347515240288d70d5e0ebacdc9e43f3c.jpg
167,Sidebar-Nav Personal Portfolio/Resume Deck,Resume/CV,"resume presentation, personal branding deck, yellow black sidebar, portfolio grid, testimonial slides","16:9 slides with fixed left yellow sidebar-nav column (icons) and photo strip; right content area with stat grid, portfolio thumbnail grid, testimonial cards, contact page.","Bold black display headline, yellow-highlighted subtitle, small caps vertical nav labels.","Yellow #F5A623, Black #1A1A1A, Gray #B3B3B3, White #FFFFFF","Personal portfolio/resume decks for designers and photographers, self-promo PDFs",Fixed-width sidebar Frame reused via a custom PageTemplate; 2x2 stat Table with black boxes and yellow numerals; portfolio thumbnail Table grid with Image cells; consistent header/footer via onPage callback.,ae39204fa9c63eaa4c56de3c8f4f3840.png
168,Chemical Sustainability Whitepaper,Whitepaper,"corporate whitepaper, industry report, sustainability, chemical manufacturing, blue diagonal cover","Portrait report with a diagonal-cut photographic cover, a TOC page, 2-column body pages mixing pull quotes, icon-stat rows and donut/bar charts, and full-bleed navy photo dividers between chapters.","Bold Helvetica Neue Bold chapter titles 24-32pt, light sans 2-column body 10pt, small blue uppercase kicker section labels.","#2745A8 corporate blue, #E9EEF9 pale blue tint, #FFFFFF white, #16213E navy divider pages",corporate sustainability/annual reports and industry whitepapers,"BaseDocTemplate with distinct PageTemplates per section type (cover, TOC, 2-col body, full-bleed divider); diagonal photo cover via canvas.beginPath/clip; donut charts with reportlab.graphics.charts.piecharts.Pie and wedge gaps; template auto-switches at chapter start pages.",b9e34a44f660cead8ad71ee710fd46a7.jpg
169,Numbered-Section Landscape Whitepaper,Whitepaper,"landscape whitepaper, numbered sections, orange accent, charts, mockup spread","Landscape spreads: left page big numeral + heading + photo, right page bullet list or bar/donut chart in orange highlight box; consistent eyebrow label top-left, page number bottom-right.","Bold sans section headers, orange badge for numerals, thin body sans, small caps eyebrow labels.","White #FFFFFF, Orange #E8912D, Dark Gray #333333, Light Gray #F2F2F2","Corporate/research whitepapers, thought-leadership documents with data charts",landscape pagesize; two-Frame page split; reportlab.graphics.charts (bar/pie) for data visuals; colored rounded-rect numeral badge; consistent onPage header/footer callback for eyebrow + page number.,2cbc9d3a683fb7bb29811f3353d6c601.jpg
